,Age,SibSp,Parch,Fare,Pclass_1,Pclass_2,Pclass_3,Sex_female,Sex_male,Embarked_C,Embarked_Q,Embarked_S
0,0.2711736617240512,0.125,0.0,0.014151057562208049,0.0,0.0,1.0,0.0,1.0,0.0,0.0,1.0
1,0.4722292033174164,0.125,0.0,0.13913573538264068,1.0,0.0,0.0,1.0,0.0,1.0,0.0,0.0
2,0.32143754712239253,0.0,0.0,0.015468569817999833,0.0,0.0,1.0,1.0,0.0,0.0,0.0,1.0
3,0.4345312892686604,0.125,0.0,0.10364429745562033,1.0,0.0,0.0,1.0,0.0,0.0,0.0,1.0
4,0.4345312892686604,0.0,0.0,0.015712553569072387,0.0,0.0,1.0,0.0,1.0,0.0,0.0,1.0
5,0.37170143252073384,0.0,0.0,0.01650950209357577,0.0,0.0,1.0,0.0,1.0,0.0,1.0,0.0
6,0.6732847449107816,0.0,0.0,0.10122885832000206,1.0,0.0,0.0,0.0,1.0,0.0,0.0,1.0
7,0.01985423473234481,0.375,0.16666666666666666,0.04113566043083236,0.0,0.0,1.0,0.0,1.0,0.0,0.0,1.0
8,0.33400351847197784,0.0,0.3333333333333333,0.021730754366528396,0.0,0.0,1.0,1.0,0.0,0.0,0.0,1.0
9,0.17064589092736868,0.125,0.0,0.058694292654020104,0.0,1.0,0.0,1.0,0.0,1.0,0.0,0.0
10,0.04498617743151546,0.125,0.16666666666666666,0.03259622914329302,0.0,0.0,1.0,1.0,0.0,0.0,0.0,1.0
11,0.723548630309123,0.0,0.0,0.051822148727810165,1.0,0.0,0.0,1.0,0.0,0.0,0.0,1.0
12,0.24604171902488062,0.0,0.0,0.015712553569072387,0.0,0.0,1.0,0.0,1.0,0.0,0.0,1.0
13,0.4847951746670017,0.125,0.8333333333333333,0.06104473451835265,0.0,0.0,1.0,0.0,1.0,0.0,0.0,1.0
14,0.17064589092736868,0.0,0.0,0.015330377421392339,0.0,0.0,1.0,1.0,0.0,0.0,0.0,1.0
15,0.685850716260367,0.0,0.0,0.03122992013728673,0.0,1.0,0.0,1.0,0.0,0.0,0.0,1.0
16,0.01985423473234481,0.5,0.16666666666666666,0.05684821399990475,0.0,0.0,1.0,0.0,1.0,0.0,1.0,0.0
17,0.37170143252073384,0.0,0.0,0.025374310111545468,0.0,1.0,0.0,0.0,1.0,0.0,0.0,1.0
18,0.38426740387031916,0.125,0.0,0.03513366015444757,0.0,0.0,1.0,1.0,0.0,0.0,0.0,1.0
19,0.37170143252073384,0.0,0.0,0.014102260811993537,0.0,0.0,1.0,1.0,0.0,1.0,0.0,0.0
20,0.4345312892686604,0.0,0.0,0.050748620223090936,0.0,1.0,0.0,0.0,1.0,0.0,0.0,1.0
21,0.4219653179190751,0.0,0.0,0.025374310111545468,0.0,1.0,0.0,0.0,1.0,0.0,0.0,1.0
22,0.18321186227695402,0.0,0.0,0.015671954672893913,0.0,0.0,1.0,1.0,0.0,0.0,1.0,0.0
23,0.34656948982156316,0.0,0.0,0.06929138530460494,1.0,0.0,0.0,0.0,1.0,0.0,0.0,1.0
24,0.09525006282985675,0.375,0.16666666666666666,0.04113566043083236,0.0,0.0,1.0,1.0,0.0,0.0,0.0,1.0
25,0.4722292033174164,0.125,0.8333333333333333,0.06126431989431795,0.0,0.0,1.0,1.0,0.0,0.0,0.0,1.0
26,0.37170143252073384,0.0,0.0,0.014102260811993537,0.0,0.0,1.0,0.0,1.0,1.0,0.0,0.0
27,0.2334757476752953,0.375,0.3333333333333333,0.5133418122566507,1.0,0.0,0.0,0.0,1.0,0.0,0.0,1.0
28,0.37170143252073384,0.0,0.0,0.01537917417160685,0.0,0.0,1.0,1.0,0.0,0.0,1.0,0.0
29,0.37170143252073384,0.0,0.0,0.015411575213749286,0.0,0.0,1.0,0.0,1.0,0.0,0.0,1.0
30,0.49736114601658704,0.0,0.0,0.05410739813385612,1.0,0.0,0.0,0.0,1.0,1.0,0.0,0.0
31,0.37170143252073384,0.125,0.0,0.2859895551532101,1.0,0.0,0.0,1.0,0.0,1.0,0.0,0.0
32,0.37170143252073384,0.0,0.0,0.015126992566498259,0.0,0.0,1.0,1.0,0.0,0.0,1.0,0.0
33,0.8240764011058055,0.0,0.0,0.020494635090094415,0.0,1.0,0.0,0.0,1.0,0.0,0.0,1.0
34,0.34656948982156316,0.125,0.0,0.16038672010106003,1.0,0.0,0.0,0.0,1.0,1.0,0.0,0.0
35,0.5224930887157577,0.125,0.0,0.10149724044618187,1.0,0.0,0.0,0.0,1.0,0.0,0.0,1.0
36,0.37170143252073384,0.0,0.0,0.014110458666029575,0.0,0.0,1.0,0.0,1.0,1.0,0.0,0.0
37,0.2586076903744659,0.0,0.0,0.015712553569072387,0.0,0.0,1.0,0.0,1.0,0.0,0.0,1.0
38,0.22090977632571,0.25,0.0,0.03513366015444757,0.0,0.0,1.0,1.0,0.0,0.0,0.0,1.0
39,0.17064589092736868,0.125,0.0,0.021942337075458514,0.0,0.0,1.0,1.0,0.0,1.0,0.0,0.0
40,0.49736114601658704,0.125,0.0,0.018493968331299484,0.0,0.0,1.0,1.0,0.0,0.0,0.0,1.0
41,0.33400351847197784,0.125,0.0,0.04098927018018883,0.0,1.0,0.0,1.0,0.0,0.0,0.0,1.0
42,0.37170143252073384,0.0,0.0,0.015411575213749286,0.0,0.0,1.0,0.0,1.0,1.0,0.0,0.0
43,0.032420206081930136,0.125,0.3333333333333333,0.08115719346076702,0.0,1.0,0.0,1.0,0.0,1.0,0.0,0.0
44,0.2334757476752953,0.0,0.0,0.01537917417160685,0.0,0.0,1.0,1.0,0.0,0.0,1.0,0.0
45,0.37170143252073384,0.0,0.0,0.015712553569072387,0.0,0.0,1.0,0.0,1.0,0.0,0.0,1.0
46,0.37170143252073384,0.125,0.0,0.030253985132996517,0.0,0.0,1.0,0.0,1.0,0.0,1.0,0.0
47,0.37170143252073384,0.0,0.0,0.015126992566498259,0.0,0.0,1.0,1.0,0.0,0.0,1.0,0.0
48,0.37170143252073384,0.25,0.0,0.04231498029001666,0.0,0.0,1.0,0.0,1.0,1.0,0.0,0.0
49,0.22090977632571,0.125,0.0,0.034743286152731485,0.0,0.0,1.0,1.0,0.0,0.0,0.0,1.0
50,0.08268409148027142,0.5,0.16666666666666666,0.07746484096553544,0.0,0.0,1.0,0.0,1.0,0.0,0.0,1.0
51,0.2586076903744659,0.0,0.0,0.01522458606692728,0.0,0.0,1.0,0.0,1.0,0.0,0.0,1.0
52,0.610454888162855,0.125,0.0,0.1497654242623688,1.0,0.0,0.0,1.0,0.0,1.0,0.0,0.0
53,0.35913546117114853,0.125,0.0,0.050748620223090936,0.0,1.0,0.0,1.0,0.0,0.0,0.0,1.0
54,0.8115104297562202,0.0,0.16666666666666666,0.1209753416358076,1.0,0.0,0.0,0.0,1.0,1.0,0.0,0.0
55,0.37170143252073384,0.0,0.0,0.06929138530460494,1.0,0.0,0.0,0.0,1.0,0.0,0.0,1.0
56,0.2586076903744659,0.0,0.0,0.020494635090094415,0.0,1.0,0.0,1.0,0.0,0.0,0.0,1.0
57,0.35285247549635584,0.0,0.0,0.014110458666029575,0.0,0.0,1.0,0.0,1.0,1.0,0.0,0.0
58,0.05755214878110078,0.125,0.3333333333333333,0.05416439273810667,0.0,1.0,0.0,1.0,0.0,0.0,0.0,1.0
59,0.1329479768786127,0.625,0.3333333333333333,0.09154270340242172,0.0,0.0,1.0,0.0,1.0,0.0,0.0,1.0
60,0.2711736617240512,0.0,0.0,0.014110458666029575,0.0,0.0,1.0,0.0,1.0,1.0,0.0,0.0
62,0.5601910027645137,0.125,0.0,0.16293234896625058,1.0,0.0,0.0,0.0,1.0,0.0,0.0,1.0
63,0.04498617743151546,0.375,0.3333333333333333,0.05445717323939373,0.0,0.0,1.0,0.0,1.0,0.0,0.0,1.0
64,0.37170143252073384,0.0,0.0,0.05410739813385612,1.0,0.0,0.0,0.0,1.0,1.0,0.0,0.0
65,0.37170143252073384,0.125,0.16666666666666666,0.029757819776815374,0.0,0.0,1.0,0.0,1.0,1.0,0.0,0.0
66,0.35913546117114853,0.0,0.0,0.020494635090094415,0.0,1.0,0.0,1.0,0.0,0.0,0.0,1.0
67,0.2334757476752953,0.0,0.0,0.015923941091001644,0.0,0.0,1.0,0.0,1.0,0.0,0.0,1.0
68,0.20834380497612465,0.5,0.3333333333333333,0.015468569817999833,0.0,0.0,1.0,1.0,0.0,0.0,0.0,1.0
69,0.32143754712239253,0.25,0.0,0.016908073949327893,0.0,0.0,1.0,0.0,1.0,0.0,0.0,1.0
70,0.39683337521990447,0.0,0.0,0.020494635090094415,0.0,1.0,0.0,0.0,1.0,0.0,0.0,1.0
71,0.19577783362653933,0.625,0.3333333333333333,0.09154270340242172,0.0,0.0,1.0,1.0,0.0,0.0,0.0,1.0
72,0.2586076903744659,0.0,0.0,0.1434624456306609,0.0,1.0,0.0,0.0,1.0,0.0,0.0,1.0
73,0.32143754712239253,0.125,0.0,0.028212719478023115,0.0,0.0,1.0,0.0,1.0,1.0,0.0,0.0
74,0.39683337521990447,0.0,0.0,0.11027245763075773,0.0,0.0,1.0,0.0,1.0,0.0,0.0,1.0
75,0.3088715757728072,0.0,0.0,0.014931805565640218,0.0,0.0,1.0,0.0,1.0,0.0,0.0,1.0
76,0.37170143252073384,0.0,0.0,0.015411575213749286,0.0,0.0,1.0,0.0,1.0,0.0,0.0,1.0
77,0.37170143252073384,0.0,0.0,0.015712553569072387,0.0,0.0,1.0,0.0,1.0,0.0,0.0,1.0
78,0.005152048253329982,0.0,0.3333333333333333,0.056604230248832196,0.0,1.0,0.0,0.0,1.0,0.0,0.0,1.0
79,0.37170143252073384,0.0,0.0,0.024349578357040744,0.0,0.0,1.0,1.0,0.0,0.0,0.0,1.0
80,0.2711736617240512,0.0,0.0,0.017566830077223785,0.0,0.0,1.0,0.0,1.0,0.0,0.0,1.0
81,0.35913546117114853,0.0,0.0,0.018542765081513996,0.0,0.0,1.0,0.0,1.0,0.0,0.0,1.0
82,0.37170143252073384,0.0,0.0,0.015200187691820024,0.0,0.0,1.0,1.0,0.0,0.0,1.0,0.0
83,0.34656948982156316,0.0,0.0,0.09193307740413781,1.0,0.0,0.0,0.0,1.0,0.0,0.0,1.0
84,0.20834380497612465,0.0,0.0,0.020494635090094415,0.0,1.0,0.0,1.0,0.0,0.0,0.0,1.0
85,0.4093993465694898,0.375,0.0,0.030937139635999665,0.0,0.0,1.0,1.0,0.0,0.0,0.0,1.0
86,0.19577783362653933,0.125,0.5,0.06709553154495196,0.0,0.0,1.0,0.0,1.0,0.0,0.0,1.0
87,0.37170143252073384,0.0,0.0,0.015712553569072387,0.0,0.0,1.0,0.0,1.0,0.0,0.0,1.0
88,0.2837396330736366,0.375,0.3333333333333333,0.5133418122566507,1.0,0.0,0.0,1.0,0.0,0.0,0.0,1.0
89,0.2963056044232219,0.0,0.0,0.015712553569072387,0.0,0.0,1.0,0.0,1.0,0.0,0.0,1.0
90,0.35913546117114853,0.0,0.0,0.015712553569072387,0.0,0.0,1.0,0.0,1.0,0.0,0.0,1.0
91,0.24604171902488062,0.0,0.0,0.015330377421392339,0.0,0.0,1.0,0.0,1.0,0.0,0.0,1.0
92,0.5727569741140991,0.125,0.0,0.11940564777490723,1.0,0.0,0.0,0.0,1.0,0.0,0.0,1.0
93,0.32143754712239253,0.125,0.3333333333333333,0.04015972542654215,0.0,0.0,1.0,0.0,1.0,0.0,0.0,1.0
94,0.7361146016587082,0.0,0.0,0.014151057562208049,0.0,0.0,1.0,0.0,1.0,0.0,0.0,1.0
95,0.37170143252073384,0.0,0.0,0.015712553569072387,0.0,0.0,1.0,0.0,1.0,0.0,0.0,1.0
96,0.8869062578537321,0.0,0.0,0.06764049365134761,1.0,0.0,0.0,0.0,1.0,1.0,0.0,0.0
97,0.2837396330736366,0.0,0.16666666666666666,0.12366716556464086,1.0,0.0,0.0,0.0,1.0,1.0,0.0,0.0
98,0.4219653179190751,0.0,0.16666666666666666,0.044893010197349675,0.0,1.0,0.0,1.0,0.0,0.0,0.0,1.0
99,0.4219653179190751,0.125,0.0,0.050748620223090936,0.0,1.0,0.0,0.0,1.0,0.0,0.0,1.0
100,0.34656948982156316,0.0,0.0,0.015411575213749286,0.0,0.0,1.0,1.0,0.0,0.0,0.0,1.0
101,0.37170143252073384,0.0,0.0,0.015411575213749286,0.0,0.0,1.0,0.0,1.0,0.0,0.0,1.0
102,0.2586076903744659,0.0,0.16666666666666666,0.15085515328815924,1.0,0.0,0.0,0.0,1.0,0.0,0.0,1.0
103,0.4093993465694898,0.0,0.0,0.016891873428256675,0.0,0.0,1.0,0.0,1.0,0.0,0.0,1.0
104,0.4596632319678311,0.25,0.0,0.015468569817999833,0.0,0.0,1.0,0.0,1.0,0.0,0.0,1.0
105,0.34656948982156316,0.0,0.0,0.015411575213749286,0.0,0.0,1.0,0.0,1.0,0.0,0.0,1.0
106,0.2586076903744659,0.0,0.0,0.014931805565640218,0.0,0.0,1.0,1.0,0.0,0.0,0.0,1.0
107,0.37170143252073384,0.0,0.0,0.015175789316712771,0.0,0.0,1.0,0.0,1.0,0.0,0.0,1.0
108,0.4722292033174164,0.0,0.0,0.015411575213749286,0.0,0.0,1.0,0.0,1.0,0.0,0.0,1.0
109,0.37170143252073384,0.125,0.0,0.04713766070721715,0.0,0.0,1.0,1.0,0.0,0.0,1.0,0.0
110,0.5853229454636844,0.0,0.0,0.10149724044618187,1.0,0.0,0.0,0.0,1.0,0.0,0.0,1.0
111,0.17692887660216136,0.125,0.0,0.028212719478023115,0.0,0.0,1.0,1.0,0.0,1.0,0.0,0.0
112,0.2711736617240512,0.0,0.0,0.015712553569072387,0.0,0.0,1.0,0.0,1.0,0.0,0.0,1.0
113,0.24604171902488062,0.125,0.0,0.019177122834302632,0.0,0.0,1.0,1.0,0.0,0.0,0.0,1.0
114,0.20834380497612465,0.0,0.0,0.028220722145058292,0.0,0.0,1.0,1.0,0.0,1.0,0.0,0.0
115,0.2586076903744659,0.0,0.0,0.015468569817999833,0.0,0.0,1.0,0.0,1.0,0.0,0.0,1.0
116,0.8806232721789394,0.0,0.0,0.015126992566498259,0.0,0.0,1.0,0.0,1.0,0.0,1.0,0.0
117,0.35913546117114853,0.125,0.0,0.04098927018018883,0.0,1.0,0.0,0.0,1.0,0.0,0.0,1.0
118,0.2963056044232219,0.0,0.16666666666666666,0.4831284260198326,1.0,0.0,0.0,0.0,1.0,1.0,0.0,0.0
119,0.01985423473234481,0.5,0.3333333333333333,0.06104473451835265,0.0,0.0,1.0,1.0,0.0,0.0,0.0,1.0
120,0.2586076903744659,0.25,0.0,0.1434624456306609,0.0,1.0,0.0,0.0,1.0,0.0,0.0,1.0
121,0.37170143252073384,0.0,0.0,0.015712553569072387,0.0,0.0,1.0,0.0,1.0,0.0,0.0,1.0
122,0.40311636089469716,0.125,0.0,0.058694292654020104,0.0,1.0,0.0,0.0,1.0,1.0,0.0,0.0
123,0.40311636089469716,0.0,0.0,0.025374310111545468,0.0,1.0,0.0,1.0,0.0,0.0,0.0,1.0
124,0.6732847449107816,0.0,0.16666666666666666,0.15085515328815924,1.0,0.0,0.0,0.0,1.0,0.0,0.0,1.0
125,0.14551394822819805,0.125,0.0,0.021942337075458514,0.0,0.0,1.0,0.0,1.0,1.0,0.0,0.0
126,0.37170143252073384,0.0,0.0,0.015126992566498259,0.0,0.0,1.0,0.0,1.0,0.0,1.0,0.0
127,0.2963056044232219,0.0,0.0,0.01393967004027879,0.0,0.0,1.0,0.0,1.0,0.0,0.0,1.0
128,0.37170143252073384,0.125,0.16666666666666666,0.04364049521284362,0.0,0.0,1.0,1.0,0.0,1.0,0.0,0.0
129,0.5601910027645137,0.0,0.0,0.013614293309848433,0.0,0.0,1.0,0.0,1.0,0.0,0.0,1.0
130,0.4093993465694898,0.0,0.0,0.015411575213749286,0.0,0.0,1.0,0.0,1.0,1.0,0.0,0.0
131,0.24604171902488062,0.0,0.0,0.013760683560491965,0.0,0.0,1.0,0.0,1.0,0.0,0.0,1.0
132,0.5853229454636844,0.125,0.0,0.028302115124416098,0.0,0.0,1.0,1.0,0.0,0.0,0.0,1.0
133,0.35913546117114853,0.125,0.0,0.050748620223090936,0.0,1.0,0.0,1.0,0.0,0.0,0.0,1.0
134,0.3088715757728072,0.0,0.0,0.025374310111545468,0.0,1.0,0.0,0.0,1.0,0.0,0.0,1.0
135,0.2837396330736366,0.0,0.0,0.02936744577509929,0.0,1.0,0.0,0.0,1.0,1.0,0.0,0.0
136,0.2334757476752953,0.0,0.3333333333333333,0.051301584996521765,1.0,0.0,0.0,1.0,0.0,0.0,0.0,1.0
137,0.4596632319678311,0.125,0.0,0.10364429745562033,1.0,0.0,0.0,0.0,1.0,0.0,0.0,1.0
138,0.19577783362653933,0.0,0.0,0.01798980030808316,0.0,0.0,1.0,0.0,1.0,0.0,0.0,1.0
139,0.2963056044232219,0.0,0.0,0.15458810467956932,1.0,0.0,0.0,0.0,1.0,1.0,0.0,0.0
140,0.37170143252073384,0.0,0.3333333333333333,0.029757819776815374,0.0,0.0,1.0,1.0,0.0,1.0,0.0,0.0
141,0.2711736617240512,0.0,0.0,0.015126992566498259,0.0,0.0,1.0,1.0,0.0,0.0,0.0,1.0
142,0.2963056044232219,0.125,0.0,0.030937139635999665,0.0,0.0,1.0,1.0,0.0,0.0,0.0,1.0
143,0.2334757476752953,0.0,0.0,0.013175122557917838,0.0,0.0,1.0,0.0,1.0,0.0,1.0,0.0
144,0.22090977632571,0.0,0.0,0.022446505098674838,0.0,1.0,0.0,0.0,1.0,0.0,0.0,1.0
145,0.2334757476752953,0.125,0.16666666666666666,0.07173122281533045,0.0,1.0,0.0,0.0,1.0,0.0,0.0,1.0
146,0.33400351847197784,0.0,0.0,0.015216388212891242,0.0,0.0,1.0,0.0,1.0,0.0,0.0,1.0
147,0.10781603417944208,0.25,0.3333333333333333,0.06709553154495196,0.0,0.0,1.0,1.0,0.0,0.0,0.0,1.0
148,0.4533802462930384,0.0,0.3333333333333333,0.050748620223090936,0.0,1.0,0.0,0.0,1.0,0.0,0.0,1.0
149,0.5224930887157577,0.0,0.0,0.025374310111545468,0.0,1.0,0.0,0.0,1.0,0.0,0.0,1.0
150,0.6355868308620256,0.0,0.0,0.02444717185746977,0.0,1.0,0.0,0.0,1.0,0.0,0.0,1.0
151,0.2711736617240512,0.125,0.0,0.12999454257145598,1.0,0.0,0.0,1.0,0.0,0.0,0.0,1.0
152,0.6921337019351597,0.0,0.0,0.015712553569072387,0.0,0.0,1.0,0.0,1.0,0.0,0.0,1.0
153,0.5036441316913798,0.0,0.3333333333333333,0.028302115124416098,0.0,0.0,1.0,0.0,1.0,0.0,0.0,1.0
154,0.37170143252073384,0.0,0.0,0.014273049437744325,0.0,0.0,1.0,0.0,1.0,0.0,0.0,1.0
155,0.6355868308620256,0.0,0.16666666666666666,0.11980421963065935,1.0,0.0,0.0,0.0,1.0,1.0,0.0,0.0
156,0.19577783362653933,0.0,0.0,0.015094396337354966,0.0,0.0,1.0,1.0,0.0,0.0,1.0,0.0
157,0.37170143252073384,0.0,0.0,0.015712553569072387,0.0,0.0,1.0,0.0,1.0,0.0,0.0,1.0
158,0.37170143252073384,0.0,0.0,0.016908073949327893,0.0,0.0,1.0,0.0,1.0,0.0,0.0,1.0
159,0.37170143252073384,1.0,0.3333333333333333,0.13575255909676825,0.0,0.0,1.0,0.0,1.0,0.0,0.0,1.0
160,0.5476250314149284,0.0,0.16666666666666666,0.031425107138144774,0.0,0.0,1.0,0.0,1.0,0.0,0.0,1.0
161,0.49736114601658704,0.0,0.0,0.030741952635141623,0.0,1.0,0.0,1.0,0.0,0.0,0.0,1.0
162,0.32143754712239253,0.0,0.0,0.015175789316712771,0.0,0.0,1.0,0.0,1.0,0.0,0.0,1.0
163,0.20834380497612465,0.0,0.0,0.016908073949327893,0.0,0.0,1.0,0.0,1.0,0.0,0.0,1.0
164,0.007288263382759488,0.5,0.16666666666666666,0.07746484096553544,0.0,0.0,1.0,0.0,1.0,0.0,0.0,1.0
165,0.10781603417944208,0.0,0.3333333333333333,0.04006213192611313,0.0,0.0,1.0,0.0,1.0,0.0,0.0,1.0
166,0.37170143252073384,0.0,0.16666666666666666,0.10735285047192313,1.0,0.0,0.0,1.0,0.0,0.0,0.0,1.0
167,0.5601910027645137,0.125,0.6666666666666666,0.05445717323939373,0.0,0.0,1.0,1.0,0.0,0.0,0.0,1.0
168,0.37170143252073384,0.0,0.0,0.050602229972447406,1.0,0.0,0.0,0.0,1.0,0.0,0.0,1.0
169,0.34656948982156316,0.0,0.0,0.11027245763075773,0.0,0.0,1.0,0.0,1.0,0.0,0.0,1.0
170,0.7612465443578789,0.0,0.0,0.06538764528744409,1.0,0.0,0.0,0.0,1.0,0.0,0.0,1.0
171,0.04498617743151546,0.5,0.16666666666666666,0.05684821399990475,0.0,0.0,1.0,0.0,1.0,0.0,1.0,0.0
172,0.007288263382759488,0.125,0.16666666666666666,0.021730754366528396,0.0,0.0,1.0,1.0,0.0,0.0,0.0,1.0
173,0.2586076903744659,0.0,0.0,0.015468569817999833,0.0,0.0,1.0,0.0,1.0,0.0,0.0,1.0
174,0.6984166876099522,0.0,0.0,0.05991421140938287,1.0,0.0,0.0,0.0,1.0,1.0,0.0,0.0
175,0.22090977632571,0.125,0.16666666666666666,0.015330377421392339,0.0,0.0,1.0,0.0,1.0,0.0,0.0,1.0
176,0.37170143252073384,0.375,0.16666666666666666,0.049707687947515,0.0,0.0,1.0,0.0,1.0,0.0,0.0,1.0
177,0.6230208595124404,0.0,0.0,0.05604306762136532,1.0,0.0,0.0,1.0,0.0,1.0,0.0,0.0
178,0.37170143252073384,0.0,0.0,0.025374310111545468,0.0,1.0,0.0,0.0,1.0,0.0,0.0,1.0
179,0.4470972606182458,0.0,0.0,0.0,0.0,0.0,1.0,0.0,1.0,0.0,0.0,1.0
180,0.37170143252073384,1.0,0.3333333333333333,0.13575255909676825,0.0,0.0,1.0,1.0,0.0,0.0,0.0,1.0
181,0.37170143252073384,0.0,0.0,0.02937564362913533,0.0,1.0,0.0,0.0,1.0,1.0,0.0,0.0
182,0.10781603417944208,0.5,0.3333333333333333,0.06126431989431795,0.0,0.0,1.0,0.0,1.0,0.0,0.0,1.0
183,0.007288263382759488,0.25,0.16666666666666666,0.07612293033463641,0.0,1.0,0.0,0.0,1.0,0.0,0.0,1.0
184,0.04498617743151546,0.0,0.3333333333333333,0.04298993693898376,0.0,0.0,1.0,1.0,0.0,0.0,0.0,1.0
185,0.37170143252073384,0.0,0.0,0.09759350042902103,1.0,0.0,0.0,0.0,1.0,0.0,0.0,1.0
186,0.37170143252073384,0.125,0.0,0.030253985132996517,0.0,0.0,1.0,1.0,0.0,0.0,1.0,0.0
187,0.5601910027645137,0.0,0.0,0.051822148727810165,1.0,0.0,0.0,0.0,1.0,0.0,0.0,1.0
188,0.49736114601658704,0.125,0.16666666666666666,0.030253985132996517,0.0,0.0,1.0,0.0,1.0,0.0,1.0,0.0
189,0.4470972606182458,0.0,0.0,0.015411575213749286,0.0,0.0,1.0,0.0,1.0,0.0,0.0,1.0
190,0.39683337521990447,0.0,0.0,0.025374310111545468,0.0,1.0,0.0,1.0,0.0,0.0,0.0,1.0
191,0.2334757476752953,0.0,0.0,0.025374310111545468,0.0,1.0,0.0,0.0,1.0,0.0,0.0,1.0
192,0.2334757476752953,0.125,0.0,0.015330377421392339,0.0,0.0,1.0,1.0,0.0,0.0,0.0,1.0
193,0.032420206081930136,0.125,0.16666666666666666,0.050748620223090936,0.0,1.0,0.0,0.0,1.0,0.0,0.0,1.0
194,0.5476250314149284,0.0,0.0,0.05410739813385612,1.0,0.0,0.0,1.0,0.0,1.0,0.0,0.0
195,0.723548630309123,0.0,0.0,0.2859895551532101,1.0,0.0,0.0,1.0,0.0,1.0,0.0,0.0
196,0.37170143252073384,0.0,0.0,0.015126992566498259,0.0,0.0,1.0,0.0,1.0,0.0,1.0,0.0
197,0.5224930887157577,0.0,0.16666666666666666,0.01640390592611157,0.0,0.0,1.0,0.0,1.0,0.0,0.0,1.0
198,0.37170143252073384,0.0,0.0,0.015126992566498259,0.0,0.0,1.0,1.0,0.0,0.0,1.0,0.0
199,0.2963056044232219,0.0,0.0,0.025374310111545468,0.0,1.0,0.0,1.0,0.0,0.0,0.0,1.0
200,0.34656948982156316,0.0,0.0,0.018542765081513996,0.0,0.0,1.0,0.0,1.0,0.0,0.0,1.0
201,0.37170143252073384,1.0,0.3333333333333333,0.13575255909676825,0.0,0.0,1.0,0.0,1.0,0.0,0.0,1.0
202,0.4219653179190751,0.0,0.0,0.012678957201736696,0.0,0.0,1.0,0.0,1.0,0.0,0.0,1.0
203,0.5664739884393064,0.0,0.0,0.014102260811993537,0.0,0.0,1.0,0.0,1.0,1.0,0.0,0.0
204,0.22090977632571,0.0,0.0,0.015712553569072387,0.0,0.0,1.0,0.0,1.0,0.0,0.0,1.0
205,0.01985423473234481,0.0,0.16666666666666666,0.02042143996477265,0.0,0.0,1.0,1.0,0.0,0.0,0.0,1.0
206,0.39683337521990447,0.125,0.0,0.030937139635999665,0.0,0.0,1.0,0.0,1.0,0.0,0.0,1.0
207,0.32143754712239253,0.0,0.0,0.036670757786204655,0.0,0.0,1.0,0.0,1.0,1.0,0.0,0.0
208,0.19577783362653933,0.0,0.0,0.015126992566498259,0.0,0.0,1.0,1.0,0.0,0.0,1.0,0.0
209,0.49736114601658704,0.0,0.0,0.060507970265993034,1.0,0.0,0.0,0.0,1.0,1.0,0.0,0.0
210,0.2963056044232219,0.0,0.0,0.013760683560491965,0.0,0.0,1.0,0.0,1.0,0.0,0.0,1.0
211,0.4345312892686604,0.0,0.0,0.04098927018018883,0.0,1.0,0.0,1.0,0.0,0.0,0.0,1.0
212,0.2711736617240512,0.0,0.0,0.014151057562208049,0.0,0.0,1.0,0.0,1.0,0.0,0.0,1.0
213,0.37170143252073384,0.0,0.0,0.025374310111545468,0.0,1.0,0.0,0.0,1.0,0.0,0.0,1.0
214,0.37170143252073384,0.125,0.0,0.015126992566498259,0.0,0.0,1.0,0.0,1.0,0.0,1.0,0.0
215,0.38426740387031916,0.125,0.0,0.22109807522194713,1.0,0.0,0.0,1.0,0.0,1.0,0.0,0.0
216,0.33400351847197784,0.0,0.0,0.015468569817999833,0.0,0.0,1.0,1.0,0.0,0.0,0.0,1.0
217,0.5224930887157577,0.125,0.0,0.05270049023167135,0.0,1.0,0.0,0.0,1.0,0.0,0.0,1.0
218,0.39683337521990447,0.0,0.0,0.14891148113361488,1.0,0.0,0.0,1.0,0.0,1.0,0.0,0.0
219,0.37170143252073384,0.0,0.0,0.020494635090094415,0.0,1.0,0.0,0.0,1.0,0.0,0.0,1.0
220,0.19577783362653933,0.0,0.0,0.015712553569072387,0.0,0.0,1.0,0.0,1.0,0.0,0.0,1.0
221,0.33400351847197784,0.0,0.0,0.025374310111545468,0.0,1.0,0.0,0.0,1.0,0.0,0.0,1.0
222,0.6355868308620256,0.0,0.0,0.015712553569072387,0.0,0.0,1.0,0.0,1.0,0.0,0.0,1.0
223,0.37170143252073384,0.0,0.0,0.015411575213749286,0.0,0.0,1.0,0.0,1.0,0.0,0.0,1.0
224,0.4722292033174164,0.125,0.0,0.17566830077223786,1.0,0.0,0.0,0.0,1.0,0.0,0.0,1.0
225,0.2711736617240512,0.0,0.0,0.018249984580226933,0.0,0.0,1.0,0.0,1.0,0.0,0.0,1.0
226,0.2334757476752953,0.0,0.0,0.020494635090094415,0.0,1.0,0.0,0.0,1.0,0.0,0.0,1.0
227,0.2523247046996733,0.0,0.0,0.014151057562208049,0.0,0.0,1.0,0.0,1.0,0.0,0.0,1.0
228,0.22090977632571,0.0,0.0,0.025374310111545468,0.0,1.0,0.0,0.0,1.0,0.0,0.0,1.0
229,0.37170143252073384,0.375,0.16666666666666666,0.049707687947515,0.0,0.0,1.0,1.0,0.0,0.0,0.0,1.0
230,0.4345312892686604,0.125,0.0,0.16293234896625058,1.0,0.0,0.0,1.0,0.0,0.0,0.0,1.0
231,0.35913546117114853,0.0,0.0,0.015175789316712771,0.0,0.0,1.0,0.0,1.0,0.0,0.0,1.0
232,0.7361146016587082,0.0,0.0,0.026350245115835676,0.0,1.0,0.0,0.0,1.0,0.0,0.0,1.0
233,0.05755214878110078,0.5,0.3333333333333333,0.06126431989431795,0.0,0.0,1.0,1.0,0.0,0.0,0.0,1.0
234,0.2963056044232219,0.0,0.0,0.020494635090094415,0.0,1.0,0.0,0.0,1.0,0.0,0.0,1.0
235,0.37170143252073384,0.0,0.0,0.014736618564782174,0.0,0.0,1.0,1.0,0.0,0.0,0.0,1.0
236,0.5476250314149284,0.125,0.0,0.050748620223090936,0.0,1.0,0.0,0.0,1.0,0.0,0.0,1.0
237,0.09525006282985675,0.0,0.3333333333333333,0.05123658772523604,0.0,1.0,0.0,1.0,0.0,0.0,0.0,1.0
238,0.2334757476752953,0.0,0.0,0.020494635090094415,0.0,1.0,0.0,0.0,1.0,0.0,0.0,1.0
239,0.4093993465694898,0.0,0.0,0.023959204355324663,0.0,1.0,0.0,0.0,1.0,0.0,0.0,1.0
240,0.37170143252073384,0.125,0.0,0.028212719478023115,0.0,0.0,1.0,1.0,0.0,1.0,0.0,0.0
241,0.37170143252073384,0.125,0.0,0.030253985132996517,0.0,0.0,1.0,1.0,0.0,0.0,1.0,0.0
242,0.35913546117114853,0.0,0.0,0.020494635090094415,0.0,1.0,0.0,0.0,1.0,0.0,0.0,1.0
243,0.2711736617240512,0.0,0.0,0.013907073811135496,0.0,0.0,1.0,0.0,1.0,0.0,0.0,1.0
244,0.37170143252073384,0.0,0.0,0.014102260811993537,0.0,0.0,1.0,0.0,1.0,1.0,0.0,0.0
245,0.5476250314149284,0.25,0.0,0.17566830077223786,1.0,0.0,0.0,0.0,1.0,0.0,1.0,0.0
246,0.3088715757728072,0.0,0.0,0.015175789316712771,0.0,0.0,1.0,1.0,0.0,0.0,0.0,1.0
247,0.2963056044232219,0.0,0.3333333333333333,0.028302115124416098,0.0,1.0,0.0,1.0,0.0,0.0,0.0,1.0
248,0.4596632319678311,0.125,0.16666666666666666,0.10257896680493714,1.0,0.0,0.0,0.0,1.0,0.0,0.0,1.0
249,0.6732847449107816,0.125,0.0,0.050748620223090936,0.0,1.0,0.0,0.0,1.0,0.0,0.0,1.0
250,0.37170143252073384,0.0,0.0,0.014151057562208049,0.0,0.0,1.0,0.0,1.0,0.0,0.0,1.0
251,0.35913546117114853,0.125,0.16666666666666666,0.02042143996477265,0.0,0.0,1.0,1.0,0.0,0.0,0.0,1.0
252,0.7738125157074642,0.0,0.0,0.051822148727810165,1.0,0.0,0.0,0.0,1.0,0.0,0.0,1.0
253,0.37170143252073384,0.125,0.0,0.031425107138144774,0.0,0.0,1.0,0.0,1.0,0.0,0.0,1.0
254,0.5099271173661725,0.0,0.3333333333333333,0.039452172548431745,0.0,0.0,1.0,1.0,0.0,0.0,0.0,1.0
255,0.35913546117114853,0.0,0.3333333333333333,0.029757819776815374,0.0,0.0,1.0,1.0,0.0,1.0,0.0,0.0
256,0.37170143252073384,0.0,0.0,0.15458810467956932,1.0,0.0,0.0,1.0,0.0,1.0,0.0,0.0
257,0.37170143252073384,0.0,0.0,0.16883675574220638,1.0,0.0,0.0,1.0,0.0,0.0,0.0,1.0
258,0.4345312892686604,0.0,0.0,1.0,1.0,0.0,0.0,1.0,0.0,1.0,0.0,0.0
259,0.6230208595124404,0.0,0.16666666666666666,0.050748620223090936,0.0,1.0,0.0,1.0,0.0,0.0,0.0,1.0
260,0.37170143252073384,0.0,0.0,0.015126992566498259,0.0,0.0,1.0,0.0,1.0,0.0,1.0,0.0
261,0.032420206081930136,0.5,0.3333333333333333,0.06126431989431795,0.0,0.0,1.0,0.0,1.0,0.0,0.0,1.0
262,0.648152802211611,0.125,0.16666666666666666,0.1554664461834305,1.0,0.0,0.0,0.0,1.0,0.0,0.0,1.0
263,0.49736114601658704,0.0,0.0,0.0,1.0,0.0,0.0,0.0,1.0,0.0,0.0,1.0
264,0.37170143252073384,0.0,0.0,0.015126992566498259,0.0,0.0,1.0,1.0,0.0,0.0,1.0,0.0
265,0.4470972606182458,0.0,0.0,0.020494635090094415,0.0,1.0,0.0,0.0,1.0,0.0,0.0,1.0
266,0.19577783362653933,0.5,0.16666666666666666,0.07746484096553544,0.0,0.0,1.0,0.0,1.0,0.0,0.0,1.0
267,0.3088715757728072,0.125,0.0,0.015175789316712771,0.0,0.0,1.0,0.0,1.0,0.0,0.0,1.0
268,0.723548630309123,0.0,0.16666666666666666,0.2995388511917728,1.0,0.0,0.0,1.0,0.0,0.0,0.0,1.0
269,0.4345312892686604,0.0,0.0,0.2647385704347907,1.0,0.0,0.0,1.0,0.0,0.0,0.0,1.0
270,0.37170143252073384,0.0,0.0,0.060507970265993034,1.0,0.0,0.0,0.0,1.0,0.0,0.0,1.0
271,0.3088715757728072,0.0,0.0,0.0,0.0,0.0,1.0,0.0,1.0,0.0,0.0,1.0
272,0.5099271173661725,0.0,0.16666666666666666,0.038061465167318204,0.0,1.0,0.0,1.0,0.0,0.0,0.0,1.0
273,0.4596632319678311,0.0,0.16666666666666666,0.057970539254838485,1.0,0.0,0.0,0.0,1.0,1.0,0.0,0.0
274,0.37170143252073384,0.0,0.0,0.015126992566498259,0.0,0.0,1.0,1.0,0.0,0.0,1.0,0.0
275,0.7863784870570495,0.125,0.0,0.15216446768991498,1.0,0.0,0.0,1.0,0.0,0.0,0.0,1.0
276,0.5601910027645137,0.0,0.0,0.015126992566498259,0.0,0.0,1.0,1.0,0.0,0.0,0.0,1.0
277,0.37170143252073384,0.0,0.0,0.0,0.0,1.0,0.0,0.0,1.0,0.0,0.0,1.0
278,0.08268409148027142,0.5,0.16666666666666666,0.05684821399990475,0.0,0.0,1.0,0.0,1.0,0.0,1.0,0.0
279,0.4345312892686604,0.125,0.16666666666666666,0.03952536767375352,0.0,0.0,1.0,1.0,0.0,0.0,0.0,1.0
280,0.8115104297562202,0.0,0.0,0.015126992566498259,0.0,0.0,1.0,0.0,1.0,0.0,1.0,0.0
281,0.34656948982156316,0.0,0.0,0.015330377421392339,0.0,0.0,1.0,0.0,1.0,0.0,0.0,1.0
282,0.19577783362653933,0.0,0.0,0.018542765081513996,0.0,0.0,1.0,0.0,1.0,0.0,0.0,1.0
283,0.2334757476752953,0.0,0.0,0.015712553569072387,0.0,0.0,1.0,0.0,1.0,0.0,0.0,1.0
284,0.37170143252073384,0.0,0.0,0.050748620223090936,1.0,0.0,0.0,0.0,1.0,0.0,0.0,1.0
285,0.4093993465694898,0.0,0.0,0.016908073949327893,0.0,0.0,1.0,0.0,1.0,1.0,0.0,0.0
286,0.37170143252073384,0.0,0.0,0.018542765081513996,0.0,0.0,1.0,0.0,1.0,0.0,0.0,1.0
287,0.2711736617240512,0.0,0.0,0.015411575213749286,0.0,0.0,1.0,0.0,1.0,0.0,0.0,1.0
288,0.5224930887157577,0.0,0.0,0.025374310111545468,0.0,1.0,0.0,0.0,1.0,0.0,0.0,1.0
289,0.2711736617240512,0.0,0.0,0.015126992566498259,0.0,0.0,1.0,1.0,0.0,0.0,1.0,0.0
290,0.32143754712239253,0.0,0.0,0.15390495017656614,1.0,0.0,0.0,1.0,0.0,0.0,0.0,1.0
291,0.2334757476752953,0.125,0.0,0.17777475888549785,1.0,0.0,0.0,1.0,0.0,1.0,0.0,0.0
292,0.4470972606182458,0.0,0.0,0.025130326360472913,0.0,1.0,0.0,0.0,1.0,1.0,0.0,0.0
293,0.2963056044232219,0.0,0.0,0.01727404957593672,0.0,0.0,1.0,1.0,0.0,0.0,0.0,1.0
294,0.2963056044232219,0.0,0.0,0.015411575213749286,0.0,0.0,1.0,0.0,1.0,0.0,0.0,1.0
295,0.37170143252073384,0.0,0.0,0.05410739813385612,1.0,0.0,0.0,0.0,1.0,1.0,0.0,0.0
296,0.2900226187484292,0.0,0.0,0.014110458666029575,0.0,0.0,1.0,0.0,1.0,1.0,0.0,0.0
297,0.01985423473234481,0.125,0.3333333333333333,0.29580589980036276,1.0,0.0,0.0,1.0,0.0,0.0,0.0,1.0
298,0.37170143252073384,0.0,0.0,0.05953203526170282,1.0,0.0,0.0,0.0,1.0,0.0,0.0,1.0
299,0.6230208595124404,0.0,0.16666666666666666,0.4831284260198326,1.0,0.0,0.0,1.0,0.0,1.0,0.0,0.0
300,0.37170143252073384,0.0,0.0,0.015126992566498259,0.0,0.0,1.0,1.0,0.0,0.0,1.0,0.0
301,0.37170143252073384,0.25,0.0,0.04538097769949478,0.0,0.0,1.0,0.0,1.0,0.0,1.0,0.0
302,0.2334757476752953,0.0,0.0,0.0,0.0,0.0,1.0,0.0,1.0,0.0,0.0,1.0
303,0.37170143252073384,0.0,0.0,0.024105594605968193,0.0,1.0,0.0,1.0,0.0,0.0,1.0,0.0
304,0.37170143252073384,0.0,0.0,0.015712553569072387,0.0,0.0,1.0,0.0,1.0,0.0,0.0,1.0
305,0.006282985674792663,0.125,0.3333333333333333,0.29580589980036276,1.0,0.0,0.0,0.0,1.0,0.0,0.0,1.0
306,0.37170143252073384,0.0,0.0,0.21642978772242535,1.0,0.0,0.0,1.0,0.0,1.0,0.0,0.0
307,0.20834380497612465,0.125,0.0,0.2125586439344078,1.0,0.0,0.0,1.0,0.0,1.0,0.0,0.0
308,0.37170143252073384,0.125,0.0,0.04684488020593009,0.0,1.0,0.0,0.0,1.0,1.0,0.0,0.0
309,0.37170143252073384,0.0,0.0,0.11111839809247648,1.0,0.0,0.0,1.0,0.0,1.0,0.0,0.0
310,0.2963056044232219,0.0,0.0,0.16231419173453318,1.0,0.0,0.0,1.0,0.0,1.0,0.0,0.0
311,0.22090977632571,0.25,0.3333333333333333,0.5121218935012878,1.0,0.0,0.0,1.0,0.0,1.0,0.0,0.0
312,0.32143754712239253,0.125,0.16666666666666666,0.050748620223090936,0.0,1.0,0.0,1.0,0.0,0.0,0.0,1.0
313,0.34656948982156316,0.0,0.0,0.015411575213749286,0.0,0.0,1.0,0.0,1.0,0.0,0.0,1.0
314,0.5350590600653431,0.125,0.16666666666666666,0.05123658772523604,0.0,1.0,0.0,0.0,1.0,0.0,0.0,1.0
315,0.32143754712239253,0.0,0.0,0.015330377421392339,0.0,0.0,1.0,1.0,0.0,0.0,0.0,1.0
316,0.2963056044232219,0.125,0.0,0.050748620223090936,0.0,1.0,0.0,1.0,0.0,0.0,0.0,1.0
317,0.6732847449107816,0.0,0.0,0.027326180120125887,0.0,1.0,0.0,0.0,1.0,0.0,0.0,1.0
318,0.38426740387031916,0.0,0.3333333333333333,0.32179836714362564,1.0,0.0,0.0,1.0,0.0,0.0,0.0,1.0
319,0.49736114601658704,0.125,0.16666666666666666,0.2625265161540666,1.0,0.0,0.0,1.0,0.0,1.0,0.0,0.0
320,0.2711736617240512,0.0,0.0,0.014151057562208049,0.0,0.0,1.0,0.0,1.0,0.0,0.0,1.0
321,0.33400351847197784,0.0,0.0,0.015411575213749286,0.0,0.0,1.0,0.0,1.0,0.0,0.0,1.0
322,0.37170143252073384,0.0,0.0,0.024105594605968193,0.0,1.0,0.0,1.0,0.0,0.0,1.0,0.0
323,0.2711736617240512,0.125,0.16666666666666666,0.056604230248832196,0.0,1.0,0.0,1.0,0.0,0.0,0.0,1.0
324,0.37170143252073384,1.0,0.3333333333333333,0.13575255909676825,0.0,0.0,1.0,0.0,1.0,0.0,0.0,1.0
325,0.4470972606182458,0.0,0.0,0.2647385704347907,1.0,0.0,0.0,1.0,0.0,1.0,0.0,0.0
326,0.7612465443578789,0.0,0.0,0.012174789178520372,0.0,0.0,1.0,0.0,1.0,0.0,0.0,1.0
327,0.4470972606182458,0.0,0.0,0.025374310111545468,0.0,1.0,0.0,1.0,0.0,0.0,0.0,1.0
328,0.38426740387031916,0.125,0.16666666666666666,0.04006213192611313,0.0,0.0,1.0,1.0,0.0,0.0,0.0,1.0
329,0.19577783362653933,0.0,0.16666666666666666,0.11316786160148591,1.0,0.0,0.0,1.0,0.0,1.0,0.0,0.0
330,0.37170143252073384,0.25,0.0,0.04538097769949478,0.0,0.0,1.0,1.0,0.0,0.0,1.0,0.0
331,0.5664739884393064,0.0,0.0,0.055628295244541985,1.0,0.0,0.0,0.0,1.0,0.0,0.0,1.0
332,0.4722292033174164,0.0,0.16666666666666666,0.2995388511917728,1.0,0.0,0.0,0.0,1.0,0.0,0.0,1.0
333,0.19577783362653933,0.25,0.0,0.03513366015444757,0.0,0.0,1.0,0.0,1.0,0.0,0.0,1.0
334,0.37170143252073384,0.125,0.0,0.2608674266467732,1.0,0.0,0.0,1.0,0.0,0.0,0.0,1.0
335,0.37170143252073384,0.0,0.0,0.015411575213749286,0.0,0.0,1.0,0.0,1.0,0.0,0.0,1.0
336,0.35913546117114853,0.125,0.0,0.12999454257145598,1.0,0.0,0.0,0.0,1.0,0.0,0.0,1.0
337,0.5099271173661725,0.0,0.0,0.2625265161540666,1.0,0.0,0.0,1.0,0.0,1.0,0.0,0.0
338,0.5601910027645137,0.0,0.0,0.015712553569072387,0.0,0.0,1.0,0.0,1.0,0.0,0.0,1.0
339,0.5601910027645137,0.0,0.0,0.06929138530460494,1.0,0.0,0.0,0.0,1.0,0.0,0.0,1.0
340,0.01985423473234481,0.125,0.16666666666666666,0.050748620223090936,0.0,1.0,0.0,0.0,1.0,0.0,0.0,1.0
341,0.2963056044232219,0.375,0.3333333333333333,0.5133418122566507,1.0,0.0,0.0,1.0,0.0,0.0,0.0,1.0
342,0.34656948982156316,0.0,0.0,0.025374310111545468,0.0,1.0,0.0,0.0,1.0,0.0,0.0,1.0
343,0.3088715757728072,0.0,0.0,0.025374310111545468,0.0,1.0,0.0,0.0,1.0,0.0,0.0,1.0
344,0.4470972606182458,0.0,0.0,0.025374310111545468,0.0,1.0,0.0,0.0,1.0,0.0,0.0,1.0
345,0.2963056044232219,0.0,0.0,0.025374310111545468,0.0,1.0,0.0,1.0,0.0,0.0,0.0,1.0
346,0.49736114601658704,0.0,0.0,0.025374310111545468,0.0,1.0,0.0,1.0,0.0,0.0,0.0,1.0
347,0.37170143252073384,0.125,0.0,0.031425107138144774,0.0,0.0,1.0,1.0,0.0,0.0,0.0,1.0
348,0.032420206081930136,0.125,0.16666666666666666,0.031034733136428686,0.0,0.0,1.0,0.0,1.0,0.0,0.0,1.0
349,0.5224930887157577,0.0,0.0,0.016908073949327893,0.0,0.0,1.0,0.0,1.0,0.0,0.0,1.0
350,0.2837396330736366,0.0,0.0,0.01800600082915438,0.0,0.0,1.0,0.0,1.0,0.0,0.0,1.0
351,0.37170143252073384,0.0,0.0,0.06831545030031472,1.0,0.0,0.0,0.0,1.0,0.0,0.0,1.0
352,0.18321186227695402,0.125,0.16666666666666666,0.014110458666029575,0.0,0.0,1.0,0.0,1.0,1.0,0.0,0.0
353,0.3088715757728072,0.125,0.0,0.034743286152731485,0.0,0.0,1.0,0.0,1.0,0.0,0.0,1.0
354,0.37170143252073384,0.0,0.0,0.014102260811993537,0.0,0.0,1.0,0.0,1.0,1.0,0.0,0.0
355,0.34656948982156316,0.0,0.0,0.018542765081513996,0.0,0.0,1.0,0.0,1.0,0.0,0.0,1.0
356,0.2711736617240512,0.0,0.16666666666666666,0.10735285047192313,1.0,0.0,0.0,1.0,0.0,0.0,0.0,1.0
357,0.4722292033174164,0.0,0.0,0.025374310111545468,0.0,1.0,0.0,1.0,0.0,0.0,0.0,1.0
358,0.37170143252073384,0.0,0.0,0.01537917417160685,0.0,0.0,1.0,1.0,0.0,0.0,1.0,0.0
359,0.37170143252073384,0.0,0.0,0.01537917417160685,0.0,0.0,1.0,1.0,0.0,0.0,1.0,0.0
360,0.49736114601658704,0.125,0.6666666666666666,0.05445717323939373,0.0,0.0,1.0,0.0,1.0,0.0,0.0,1.0
361,0.35913546117114853,0.125,0.0,0.05410739813385612,0.0,1.0,0.0,0.0,1.0,1.0,0.0,0.0
362,0.5601910027645137,0.0,0.16666666666666666,0.028212719478023115,0.0,0.0,1.0,1.0,0.0,1.0,0.0,0.0
363,0.4345312892686604,0.0,0.0,0.013760683560491965,0.0,0.0,1.0,0.0,1.0,0.0,0.0,1.0
364,0.37170143252073384,0.125,0.0,0.030253985132996517,0.0,0.0,1.0,0.0,1.0,0.0,1.0,0.0
365,0.37170143252073384,0.0,0.0,0.014151057562208049,0.0,0.0,1.0,0.0,1.0,0.0,0.0,1.0
366,0.7486805730082936,0.125,0.0,0.14687821814567664,1.0,0.0,0.0,1.0,0.0,1.0,0.0,0.0
367,0.37170143252073384,0.0,0.0,0.014110458666029575,0.0,0.0,1.0,1.0,0.0,1.0,0.0,0.0
368,0.37170143252073384,0.0,0.0,0.015126992566498259,0.0,0.0,1.0,1.0,0.0,0.0,1.0,0.0
369,0.2963056044232219,0.0,0.0,0.13526459159462315,1.0,0.0,0.0,1.0,0.0,1.0,0.0,0.0
370,0.3088715757728072,0.125,0.0,0.1082149914547131,1.0,0.0,0.0,0.0,1.0,1.0,0.0,0.0
371,0.22090977632571,0.125,0.0,0.012678957201736696,0.0,0.0,1.0,0.0,1.0,0.0,0.0,1.0
372,0.2334757476752953,0.0,0.0,0.015712553569072387,0.0,0.0,1.0,0.0,1.0,0.0,0.0,1.0
373,0.2711736617240512,0.0,0.0,0.2647385704347907,1.0,0.0,0.0,0.0,1.0,1.0,0.0,0.0
374,0.032420206081930136,0.375,0.16666666666666666,0.04113566043083236,0.0,0.0,1.0,1.0,0.0,0.0,0.0,1.0
375,0.37170143252073384,0.125,0.0,0.16038672010106003,1.0,0.0,0.0,1.0,0.0,1.0,0.0,0.0
376,0.2711736617240512,0.0,0.0,0.014151057562208049,0.0,0.0,1.0,1.0,0.0,0.0,0.0,1.0
377,0.33400351847197784,0.0,0.3333333333333333,0.41282050681475896,1.0,0.0,0.0,0.0,1.0,1.0,0.0,0.0
378,0.24604171902488062,0.0,0.0,0.007831878409428937,0.0,0.0,1.0,0.0,1.0,1.0,0.0,0.0
379,0.2334757476752953,0.0,0.0,0.015175789316712771,0.0,0.0,1.0,0.0,1.0,0.0,0.0,1.0
380,0.5224930887157577,0.0,0.0,0.4440992237022602,1.0,0.0,0.0,1.0,0.0,1.0,0.0,0.0
381,0.007288263382759488,0.0,0.3333333333333333,0.030725752114070404,0.0,0.0,1.0,1.0,0.0,1.0,0.0,0.0
382,0.39683337521990447,0.0,0.0,0.015468569817999833,0.0,0.0,1.0,0.0,1.0,0.0,0.0,1.0
383,0.4345312892686604,0.125,0.0,0.10149724044618187,1.0,0.0,0.0,1.0,0.0,0.0,0.0,1.0
384,0.37170143252073384,0.0,0.0,0.015411575213749286,0.0,0.0,1.0,0.0,1.0,0.0,0.0,1.0
385,0.22090977632571,0.0,0.0,0.1434624456306609,0.0,1.0,0.0,0.0,1.0,0.0,0.0,1.0
386,0.007288263382759488,0.625,0.3333333333333333,0.09154270340242172,0.0,0.0,1.0,0.0,1.0,0.0,0.0,1.0
387,0.4470972606182458,0.0,0.0,0.025374310111545468,0.0,1.0,0.0,1.0,0.0,0.0,0.0,1.0
388,0.37170143252073384,0.0,0.0,0.015086393670319786,0.0,0.0,1.0,0.0,1.0,0.0,1.0,0.0
389,0.20834380497612465,0.0,0.0,0.023422440102965045,0.0,1.0,0.0,1.0,0.0,1.0,0.0,0.0
390,0.4470972606182458,0.125,0.3333333333333333,0.23422440102965048,1.0,0.0,0.0,0.0,1.0,0.0,0.0,1.0
391,0.2586076903744659,0.0,0.0,0.015216388212891242,0.0,0.0,1.0,0.0,1.0,0.0,0.0,1.0
392,0.34656948982156316,0.25,0.0,0.015468569817999833,0.0,0.0,1.0,0.0,1.0,0.0,0.0,1.0
393,0.2837396330736366,0.125,0.0,0.22109807522194713,1.0,0.0,0.0,1.0,0.0,1.0,0.0,0.0
394,0.2963056044232219,0.0,0.3333333333333333,0.03259622914329302,0.0,0.0,1.0,1.0,0.0,0.0,0.0,1.0
395,0.2711736617240512,0.0,0.0,0.015216388212891242,0.0,0.0,1.0,0.0,1.0,0.0,0.0,1.0
396,0.38426740387031916,0.0,0.0,0.015330377421392339,0.0,0.0,1.0,1.0,0.0,0.0,0.0,1.0
397,0.5727569741140991,0.0,0.0,0.050748620223090936,0.0,1.0,0.0,0.0,1.0,0.0,0.0,1.0
398,0.2837396330736366,0.0,0.0,0.020494635090094415,0.0,1.0,0.0,0.0,1.0,0.0,0.0,1.0
399,0.34656948982156316,0.0,0.0,0.02469115560854232,0.0,1.0,0.0,1.0,0.0,0.0,0.0,1.0
400,0.4847951746670017,0.0,0.0,0.015468569817999833,0.0,0.0,1.0,0.0,1.0,0.0,0.0,1.0
401,0.32143754712239253,0.0,0.0,0.015712553569072387,0.0,0.0,1.0,0.0,1.0,0.0,0.0,1.0
402,0.2586076903744659,0.125,0.0,0.019177122834302632,0.0,0.0,1.0,1.0,0.0,0.0,0.0,1.0
403,0.34656948982156316,0.125,0.0,0.030937139635999665,0.0,0.0,1.0,0.0,1.0,0.0,0.0,1.0
404,0.24604171902488062,0.0,0.0,0.016908073949327893,0.0,0.0,1.0,1.0,0.0,0.0,0.0,1.0
405,0.4219653179190751,0.125,0.0,0.04098927018018883,0.0,1.0,0.0,0.0,1.0,0.0,0.0,1.0
406,0.6355868308620256,0.0,0.0,0.015126992566498259,0.0,0.0,1.0,0.0,1.0,0.0,0.0,1.0
407,0.032420206081930136,0.125,0.16666666666666666,0.03659756266088288,0.0,1.0,0.0,0.0,1.0,0.0,0.0,1.0
408,0.2586076903744659,0.0,0.0,0.015175789316712771,0.0,0.0,1.0,0.0,1.0,0.0,0.0,1.0
409,0.37170143252073384,0.375,0.16666666666666666,0.049707687947515,0.0,0.0,1.0,1.0,0.0,0.0,0.0,1.0
410,0.37170143252073384,0.0,0.0,0.015411575213749286,0.0,0.0,1.0,0.0,1.0,0.0,0.0,1.0
411,0.37170143252073384,0.0,0.0,0.013386510079847098,0.0,0.0,1.0,0.0,1.0,0.0,1.0,0.0
412,0.4093993465694898,0.125,0.0,0.17566830077223786,1.0,0.0,0.0,1.0,0.0,0.0,1.0,0.0
413,0.37170143252073384,0.0,0.0,0.0,0.0,1.0,0.0,0.0,1.0,0.0,0.0,1.0
414,0.5476250314149284,0.0,0.0,0.015468569817999833,0.0,0.0,1.0,0.0,1.0,0.0,0.0,1.0
415,0.37170143252073384,0.0,0.0,0.015712553569072387,0.0,0.0,1.0,1.0,0.0,0.0,0.0,1.0
416,0.4219653179190751,0.125,0.16666666666666666,0.06343577527886367,0.0,1.0,0.0,1.0,0.0,0.0,0.0,1.0
417,0.22090977632571,0.0,0.3333333333333333,0.025374310111545468,0.0,1.0,0.0,1.0,0.0,0.0,0.0,1.0
418,0.37170143252073384,0.0,0.0,0.025374310111545468,0.0,1.0,0.0,0.0,1.0,0.0,0.0,1.0
419,0.12038200552902739,0.0,0.3333333333333333,0.04713766070721715,0.0,0.0,1.0,1.0,0.0,0.0,0.0,1.0
420,0.37170143252073384,0.0,0.0,0.015411575213749286,0.0,0.0,1.0,0.0,1.0,1.0,0.0,0.0
421,0.2586076903744659,0.0,0.0,0.015094396337354966,0.0,0.0,1.0,0.0,1.0,0.0,1.0,0.0
422,0.35913546117114853,0.0,0.0,0.015370976317570811,0.0,0.0,1.0,0.0,1.0,0.0,0.0,1.0
423,0.34656948982156316,0.125,0.16666666666666666,0.028106928123558056,0.0,0.0,1.0,1.0,0.0,0.0,0.0,1.0
424,0.22090977632571,0.125,0.16666666666666666,0.039452172548431745,0.0,0.0,1.0,0.0,1.0,0.0,0.0,1.0
425,0.37170143252073384,0.0,0.0,0.014151057562208049,0.0,0.0,1.0,0.0,1.0,0.0,0.0,1.0
426,0.34656948982156316,0.125,0.0,0.050748620223090936,0.0,1.0,0.0,1.0,0.0,0.0,0.0,1.0
427,0.2334757476752953,0.0,0.0,0.050748620223090936,0.0,1.0,0.0,1.0,0.0,0.0,0.0,1.0
428,0.37170143252073384,0.0,0.0,0.015126992566498259,0.0,0.0,1.0,0.0,1.0,0.0,1.0,0.0
429,0.39683337521990447,0.0,0.0,0.015712553569072387,0.0,0.0,1.0,0.0,1.0,0.0,0.0,1.0
430,0.34656948982156316,0.0,0.0,0.051822148727810165,1.0,0.0,0.0,0.0,1.0,0.0,0.0,1.0
431,0.37170143252073384,0.125,0.0,0.031425107138144774,0.0,0.0,1.0,1.0,0.0,0.0,0.0,1.0
432,0.5224930887157577,0.125,0.0,0.050748620223090936,0.0,1.0,0.0,1.0,0.0,0.0,0.0,1.0
433,0.20834380497612465,0.0,0.0,0.013907073811135496,0.0,0.0,1.0,0.0,1.0,0.0,0.0,1.0
434,0.6230208595124404,0.125,0.0,0.1091095334796455,1.0,0.0,0.0,0.0,1.0,0.0,0.0,1.0
435,0.17064589092736868,0.125,0.3333333333333333,0.23422440102965048,1.0,0.0,0.0,1.0,0.0,0.0,0.0,1.0
436,0.2586076903744659,0.25,0.3333333333333333,0.06709553154495196,0.0,0.0,1.0,1.0,0.0,0.0,0.0,1.0
437,0.2963056044232219,0.25,0.5,0.03659756266088288,0.0,1.0,0.0,1.0,0.0,0.0,0.0,1.0
438,0.7989444584066349,0.125,0.6666666666666666,0.5133418122566507,1.0,0.0,0.0,0.0,1.0,0.0,0.0,1.0
439,0.38426740387031916,0.0,0.0,0.020494635090094415,0.0,1.0,0.0,0.0,1.0,0.0,0.0,1.0
440,0.5601910027645137,0.125,0.16666666666666666,0.05123658772523604,0.0,1.0,0.0,1.0,0.0,0.0,0.0,1.0
441,0.24604171902488062,0.0,0.0,0.018542765081513996,0.0,0.0,1.0,0.0,1.0,0.0,0.0,1.0
442,0.3088715757728072,0.125,0.0,0.015175789316712771,0.0,0.0,1.0,0.0,1.0,0.0,0.0,1.0
443,0.34656948982156316,0.0,0.0,0.025374310111545468,0.0,1.0,0.0,1.0,0.0,0.0,0.0,1.0
444,0.37170143252073384,0.0,0.0,0.015834545444608664,0.0,0.0,1.0,0.0,1.0,0.0,0.0,1.0
445,0.04498617743151546,0.0,0.3333333333333333,0.15977676072337862,1.0,0.0,0.0,0.0,1.0,0.0,0.0,1.0
446,0.15807991957778336,0.0,0.16666666666666666,0.038061465167318204,0.0,1.0,0.0,1.0,0.0,0.0,0.0,1.0
447,0.4219653179190751,0.0,0.0,0.051822148727810165,1.0,0.0,0.0,0.0,1.0,0.0,0.0,1.0
448,0.05755214878110078,0.25,0.16666666666666666,0.03758969818624431,0.0,0.0,1.0,1.0,0.0,1.0,0.0,0.0
449,0.648152802211611,0.0,0.0,0.05953203526170282,1.0,0.0,0.0,0.0,1.0,0.0,0.0,1.0
450,0.4470972606182458,0.125,0.3333333333333333,0.05416439273810667,0.0,1.0,0.0,0.0,1.0,0.0,0.0,1.0
451,0.37170143252073384,0.125,0.0,0.03897240290032268,0.0,0.0,1.0,0.0,1.0,0.0,0.0,1.0
452,0.37170143252073384,0.0,0.0,0.05416439273810667,1.0,0.0,0.0,0.0,1.0,1.0,0.0,0.0
453,0.610454888162855,0.125,0.0,0.17391981561855152,1.0,0.0,0.0,0.0,1.0,1.0,0.0,0.0
454,0.37170143252073384,0.0,0.0,0.015712553569072387,0.0,0.0,1.0,0.0,1.0,0.0,0.0,1.0
455,0.35913546117114853,0.0,0.0,0.015411575213749286,0.0,0.0,1.0,0.0,1.0,1.0,0.0,0.0
456,0.8115104297562202,0.0,0.0,0.051822148727810165,1.0,0.0,0.0,0.0,1.0,0.0,0.0,1.0
457,0.37170143252073384,0.125,0.0,0.10122885832000206,1.0,0.0,0.0,1.0,0.0,0.0,0.0,1.0
458,0.6230208595124404,0.0,0.0,0.020494635090094415,0.0,1.0,0.0,1.0,0.0,0.0,0.0,1.0
459,0.37170143252073384,0.0,0.0,0.015126992566498259,0.0,0.0,1.0,0.0,1.0,0.0,1.0,0.0
460,0.5978889168132697,0.0,0.0,0.051822148727810165,1.0,0.0,0.0,0.0,1.0,0.0,0.0,1.0
461,0.4219653179190751,0.0,0.0,0.015712553569072387,0.0,0.0,1.0,0.0,1.0,0.0,0.0,1.0
462,0.5853229454636844,0.0,0.0,0.07514699533034619,1.0,0.0,0.0,0.0,1.0,0.0,0.0,1.0
463,0.5978889168132697,0.0,0.0,0.025374310111545468,0.0,1.0,0.0,0.0,1.0,0.0,0.0,1.0
464,0.37170143252073384,0.0,0.0,0.015712553569072387,0.0,0.0,1.0,0.0,1.0,0.0,0.0,1.0
465,0.4722292033174164,0.0,0.0,0.013760683560491965,0.0,0.0,1.0,0.0,1.0,0.0,0.0,1.0
466,0.37170143252073384,0.0,0.0,0.0,0.0,1.0,0.0,0.0,1.0,0.0,0.0,1.0
467,0.6984166876099522,0.0,0.0,0.051822148727810165,1.0,0.0,0.0,0.0,1.0,0.0,0.0,1.0
468,0.37170143252073384,0.0,0.0,0.015078195816283748,0.0,0.0,1.0,0.0,1.0,0.0,1.0,0.0
469,0.0041467705453631576,0.25,0.16666666666666666,0.03758969818624431,0.0,0.0,1.0,1.0,0.0,1.0,0.0,0.0
470,0.37170143252073384,0.0,0.0,0.014151057562208049,0.0,0.0,1.0,0.0,1.0,0.0,0.0,1.0
471,0.4722292033174164,0.0,0.0,0.016908073949327893,0.0,0.0,1.0,0.0,1.0,0.0,0.0,1.0
472,0.4093993465694898,0.125,0.3333333333333333,0.05416439273810667,0.0,1.0,0.0,1.0,0.0,0.0,0.0,1.0
473,0.2837396330736366,0.0,0.0,0.026919605597338588,0.0,1.0,0.0,1.0,0.0,1.0,0.0,0.0
474,0.2711736617240512,0.0,0.0,0.019201521209409888,0.0,0.0,1.0,1.0,0.0,0.0,0.0,1.0
475,0.37170143252073384,0.0,0.0,0.10149724044618187,1.0,0.0,0.0,0.0,1.0,0.0,0.0,1.0
476,0.4219653179190751,0.125,0.0,0.04098927018018883,0.0,1.0,0.0,0.0,1.0,0.0,0.0,1.0
477,0.35913546117114853,0.125,0.0,0.013752485706455927,0.0,0.0,1.0,0.0,1.0,0.0,0.0,1.0
478,0.2711736617240512,0.0,0.0,0.014679623960531627,0.0,0.0,1.0,0.0,1.0,0.0,0.0,1.0
479,0.01985423473234481,0.0,0.16666666666666666,0.023983602730431916,0.0,0.0,1.0,1.0,0.0,0.0,0.0,1.0
480,0.10781603417944208,0.625,0.3333333333333333,0.09154270340242172,0.0,0.0,1.0,0.0,1.0,0.0,0.0,1.0
481,0.37170143252073384,0.0,0.0,0.0,0.0,1.0,0.0,0.0,1.0,0.0,0.0,1.0
482,0.6230208595124404,0.0,0.0,0.015712553569072387,0.0,0.0,1.0,0.0,1.0,0.0,0.0,1.0
483,0.7863784870570495,0.0,0.0,0.018713553707264782,0.0,0.0,1.0,1.0,0.0,0.0,0.0,1.0
484,0.3088715757728072,0.125,0.0,0.17777475888549785,1.0,0.0,0.0,0.0,1.0,1.0,0.0,0.0
485,0.37170143252073384,0.375,0.16666666666666666,0.049707687947515,0.0,0.0,1.0,1.0,0.0,0.0,0.0,1.0
486,0.4345312892686604,0.125,0.0,0.17566830077223786,1.0,0.0,0.0,1.0,0.0,0.0,0.0,1.0
487,0.723548630309123,0.0,0.0,0.057970539254838485,1.0,0.0,0.0,0.0,1.0,1.0,0.0,0.0
488,0.37170143252073384,0.0,0.0,0.015712553569072387,0.0,0.0,1.0,0.0,1.0,0.0,0.0,1.0
489,0.10781603417944208,0.125,0.16666666666666666,0.031034733136428686,0.0,0.0,1.0,0.0,1.0,0.0,0.0,1.0
490,0.37170143252073384,0.125,0.0,0.03897240290032268,0.0,0.0,1.0,0.0,1.0,0.0,0.0,1.0
491,0.2586076903744659,0.0,0.0,0.014151057562208049,0.0,0.0,1.0,0.0,1.0,0.0,0.0,1.0
492,0.685850716260367,0.0,0.0,0.05953203526170282,1.0,0.0,0.0,0.0,1.0,0.0,0.0,1.0
493,0.8869062578537321,0.0,0.0,0.09662576327876685,1.0,0.0,0.0,0.0,1.0,1.0,0.0,0.0
494,0.2586076903744659,0.0,0.0,0.015712553569072387,0.0,0.0,1.0,0.0,1.0,0.0,0.0,1.0
495,0.37170143252073384,0.0,0.0,0.028220722145058292,0.0,0.0,1.0,0.0,1.0,1.0,0.0,0.0
496,0.6732847449107816,0.125,0.0,0.1527664244005612,1.0,0.0,0.0,1.0,0.0,1.0,0.0,0.0
497,0.37170143252073384,0.0,0.0,0.029473237129564348,0.0,0.0,1.0,0.0,1.0,0.0,0.0,1.0
498,0.3088715757728072,0.125,0.3333333333333333,0.29580589980036276,1.0,0.0,0.0,1.0,0.0,0.0,0.0,1.0
499,0.2963056044232219,0.0,0.0,0.015216388212891242,0.0,0.0,1.0,0.0,1.0,0.0,0.0,1.0
500,0.20834380497612465,0.0,0.0,0.016908073949327893,0.0,0.0,1.0,0.0,1.0,0.0,0.0,1.0
501,0.2586076903744659,0.0,0.0,0.015126992566498259,0.0,0.0,1.0,1.0,0.0,0.0,1.0,0.0
502,0.37170143252073384,0.0,0.0,0.014891206669461744,0.0,0.0,1.0,1.0,0.0,0.0,1.0,0.0
503,0.4596632319678311,0.0,0.0,0.018713553707264782,0.0,0.0,1.0,1.0,0.0,0.0,0.0,1.0
504,0.19577783362653933,0.0,0.0,0.16883675574220638,1.0,0.0,0.0,1.0,0.0,0.0,0.0,1.0
505,0.22090977632571,0.125,0.0,0.2125586439344078,1.0,0.0,0.0,0.0,1.0,1.0,0.0,0.0
506,0.4093993465694898,0.0,0.3333333333333333,0.050748620223090936,0.0,1.0,0.0,1.0,0.0,0.0,0.0,1.0
507,0.37170143252073384,0.0,0.0,0.051822148727810165,1.0,0.0,0.0,0.0,1.0,0.0,0.0,1.0
508,0.34656948982156316,0.0,0.0,0.04396587194327397,0.0,0.0,1.0,0.0,1.0,0.0,0.0,1.0
509,0.32143754712239253,0.0,0.0,0.11027245763075773,0.0,0.0,1.0,0.0,1.0,0.0,0.0,1.0
510,0.35913546117114853,0.0,0.0,0.015126992566498259,0.0,0.0,1.0,0.0,1.0,0.0,1.0,0.0
511,0.37170143252073384,0.0,0.0,0.015712553569072387,0.0,0.0,1.0,0.0,1.0,0.0,0.0,1.0
512,0.4470972606182458,0.0,0.0,0.05130978285055781,1.0,0.0,0.0,0.0,1.0,0.0,0.0,1.0
513,0.6732847449107816,0.125,0.0,0.11594107850967697,1.0,0.0,0.0,1.0,0.0,1.0,0.0,0.0
514,0.2963056044232219,0.0,0.0,0.014630827210317117,0.0,0.0,1.0,0.0,1.0,0.0,0.0,1.0
515,0.5853229454636844,0.0,0.0,0.06640417918791278,1.0,0.0,0.0,0.0,1.0,0.0,0.0,1.0
516,0.4219653179190751,0.0,0.0,0.020494635090094415,0.0,1.0,0.0,1.0,0.0,0.0,0.0,1.0
517,0.37170143252073384,0.0,0.0,0.04713766070721715,0.0,0.0,1.0,0.0,1.0,0.0,1.0,0.0
518,0.4470972606182458,0.125,0.0,0.050748620223090936,0.0,1.0,0.0,1.0,0.0,0.0,0.0,1.0
519,0.39683337521990447,0.0,0.0,0.015411575213749286,0.0,0.0,1.0,0.0,1.0,0.0,0.0,1.0
520,0.37170143252073384,0.0,0.0,0.18249984580226933,1.0,0.0,0.0,1.0,0.0,0.0,0.0,1.0
521,0.2711736617240512,0.0,0.0,0.015411575213749286,0.0,0.0,1.0,0.0,1.0,0.0,0.0,1.0
522,0.37170143252073384,0.0,0.0,0.014102260811993537,0.0,0.0,1.0,0.0,1.0,1.0,0.0,0.0
523,0.5476250314149284,0.0,0.16666666666666666,0.11316786160148591,1.0,0.0,0.0,1.0,0.0,1.0,0.0,0.0
524,0.37170143252073384,0.0,0.0,0.014110458666029575,0.0,0.0,1.0,0.0,1.0,1.0,0.0,0.0
525,0.5036441316913798,0.0,0.0,0.015126992566498259,0.0,0.0,1.0,0.0,1.0,0.0,1.0,0.0
526,0.6230208595124404,0.0,0.0,0.020494635090094415,0.0,1.0,0.0,1.0,0.0,0.0,0.0,1.0
527,0.37170143252073384,0.0,0.0,0.4328841690069588,1.0,0.0,0.0,0.0,1.0,0.0,0.0,1.0
528,0.4847951746670017,0.0,0.0,0.015468569817999833,0.0,0.0,1.0,0.0,1.0,0.0,0.0,1.0
529,0.2837396330736366,0.25,0.16666666666666666,0.022446505098674838,0.0,1.0,0.0,0.0,1.0,0.0,0.0,1.0
530,0.01985423473234481,0.125,0.16666666666666666,0.050748620223090936,0.0,1.0,0.0,1.0,0.0,0.0,0.0,1.0
531,0.37170143252073384,0.0,0.0,0.014110458666029575,0.0,0.0,1.0,0.0,1.0,1.0,0.0,0.0
532,0.20834380497612465,0.125,0.16666666666666666,0.014110458666029575,0.0,0.0,1.0,0.0,1.0,1.0,0.0,0.0
533,0.37170143252073384,0.0,0.3333333333333333,0.04364049521284362,0.0,0.0,1.0,1.0,0.0,1.0,0.0,0.0
534,0.37170143252073384,0.0,0.0,0.016908073949327893,0.0,0.0,1.0,1.0,0.0,0.0,0.0,1.0
535,0.08268409148027142,0.0,0.3333333333333333,0.05123658772523604,0.0,1.0,0.0,1.0,0.0,0.0,0.0,1.0
536,0.5601910027645137,0.0,0.0,0.051822148727810165,1.0,0.0,0.0,0.0,1.0,0.0,0.0,1.0
537,0.37170143252073384,0.0,0.0,0.20772776566317125,1.0,0.0,0.0,1.0,0.0,1.0,0.0,0.0
538,0.37170143252073384,0.0,0.0,0.028302115124416098,0.0,0.0,1.0,0.0,1.0,0.0,0.0,1.0
539,0.2711736617240512,0.0,0.3333333333333333,0.09661756542473082,1.0,0.0,0.0,1.0,0.0,1.0,0.0,0.0
540,0.4470972606182458,0.0,0.3333333333333333,0.13858277060920987,1.0,0.0,0.0,1.0,0.0,0.0,0.0,1.0
541,0.10781603417944208,0.5,0.3333333333333333,0.06104473451835265,0.0,0.0,1.0,1.0,0.0,0.0,0.0,1.0
542,0.1329479768786127,0.5,0.3333333333333333,0.06104473451835265,0.0,0.0,1.0,1.0,0.0,0.0,0.0,1.0
543,0.39683337521990447,0.125,0.0,0.050748620223090936,0.0,1.0,0.0,0.0,1.0,0.0,0.0,1.0
544,0.6230208595124404,0.125,0.0,0.20772776566317125,1.0,0.0,0.0,0.0,1.0,1.0,0.0,0.0
545,0.7989444584066349,0.0,0.0,0.050748620223090936,1.0,0.0,0.0,0.0,1.0,0.0,0.0,1.0
546,0.2334757476752953,0.125,0.0,0.050748620223090936,0.0,1.0,0.0,1.0,0.0,0.0,0.0,1.0
547,0.37170143252073384,0.0,0.0,0.02705779799394608,0.0,1.0,0.0,0.0,1.0,1.0,0.0,0.0
548,0.4093993465694898,0.125,0.16666666666666666,0.04006213192611313,0.0,0.0,1.0,0.0,1.0,0.0,0.0,1.0
549,0.09525006282985675,0.125,0.16666666666666666,0.07173122281533045,0.0,1.0,0.0,0.0,1.0,0.0,0.0,1.0
550,0.20834380497612465,0.0,0.3333333333333333,0.21642978772242535,1.0,0.0,0.0,0.0,1.0,1.0,0.0,0.0
551,0.33400351847197784,0.0,0.0,0.050748620223090936,0.0,1.0,0.0,0.0,1.0,0.0,0.0,1.0
552,0.37170143252073384,0.0,0.0,0.015281580671177828,0.0,0.0,1.0,0.0,1.0,0.0,1.0,0.0
553,0.2711736617240512,0.0,0.0,0.014102260811993537,0.0,0.0,1.0,0.0,1.0,1.0,0.0,0.0
554,0.2711736617240512,0.0,0.0,0.015175789316712771,0.0,0.0,1.0,1.0,0.0,0.0,0.0,1.0
555,0.7738125157074642,0.0,0.0,0.051822148727810165,1.0,0.0,0.0,0.0,1.0,0.0,0.0,1.0
556,0.5978889168132697,0.125,0.0,0.07729405233978466,1.0,0.0,0.0,1.0,0.0,1.0,0.0,0.0
557,0.37170143252073384,0.0,0.0,0.4440992237022602,1.0,0.0,0.0,0.0,1.0,1.0,0.0,0.0
558,0.4847951746670017,0.125,0.16666666666666666,0.1554664461834305,1.0,0.0,0.0,1.0,0.0,0.0,0.0,1.0
559,0.4470972606182458,0.125,0.0,0.033962538149299316,0.0,0.0,1.0,1.0,0.0,0.0,0.0,1.0
560,0.37170143252073384,0.0,0.0,0.015126992566498259,0.0,0.0,1.0,0.0,1.0,0.0,1.0,0.0
561,0.49736114601658704,0.0,0.0,0.015411575213749286,0.0,0.0,1.0,0.0,1.0,0.0,0.0,1.0
562,0.34656948982156316,0.0,0.0,0.026350245115835676,0.0,1.0,0.0,0.0,1.0,0.0,0.0,1.0
563,0.37170143252073384,0.0,0.0,0.015712553569072387,0.0,0.0,1.0,0.0,1.0,0.0,0.0,1.0
564,0.37170143252073384,0.0,0.0,0.015712553569072387,0.0,0.0,1.0,1.0,0.0,0.0,0.0,1.0
565,0.2963056044232219,0.25,0.0,0.04713766070721715,0.0,0.0,1.0,0.0,1.0,0.0,0.0,1.0
566,0.2334757476752953,0.0,0.0,0.015411575213749286,0.0,0.0,1.0,0.0,1.0,0.0,0.0,1.0
567,0.35913546117114853,0.0,0.6666666666666666,0.04113566043083236,0.0,0.0,1.0,1.0,0.0,0.0,0.0,1.0
568,0.37170143252073384,0.0,0.0,0.014110458666029575,0.0,0.0,1.0,0.0,1.0,1.0,0.0,0.0
569,0.39683337521990447,0.0,0.0,0.015330377421392339,0.0,0.0,1.0,0.0,1.0,0.0,0.0,1.0
570,0.7738125157074642,0.0,0.0,0.020494635090094415,0.0,1.0,0.0,0.0,1.0,0.0,0.0,1.0
571,0.6607187735611963,0.25,0.0,0.10048070654571319,1.0,0.0,0.0,1.0,0.0,0.0,0.0,1.0
572,0.4470972606182458,0.0,0.0,0.051504969851415845,1.0,0.0,0.0,0.0,1.0,0.0,0.0,1.0
573,0.37170143252073384,0.0,0.0,0.015126992566498259,0.0,0.0,1.0,1.0,0.0,0.0,1.0,0.0
574,0.19577783362653933,0.0,0.0,0.015712553569072387,0.0,0.0,1.0,0.0,1.0,0.0,0.0,1.0
575,0.2334757476752953,0.0,0.0,0.028302115124416098,0.0,0.0,1.0,0.0,1.0,0.0,0.0,1.0
576,0.4219653179190751,0.0,0.0,0.025374310111545468,0.0,1.0,0.0,1.0,0.0,0.0,0.0,1.0
577,0.4847951746670017,0.125,0.0,0.1091095334796455,1.0,0.0,0.0,1.0,0.0,0.0,0.0,1.0
578,0.37170143252073384,0.125,0.0,0.028220722145058292,0.0,0.0,1.0,1.0,0.0,1.0,0.0,0.0
579,0.39683337521990447,0.0,0.0,0.015468569817999833,0.0,0.0,1.0,0.0,1.0,0.0,0.0,1.0
580,0.3088715757728072,0.125,0.16666666666666666,0.05855610025741262,0.0,1.0,0.0,1.0,0.0,0.0,0.0,1.0
581,0.4847951746670017,0.125,0.16666666666666666,0.21642978772242535,1.0,0.0,0.0,1.0,0.0,1.0,0.0,0.0
582,0.6732847449107816,0.0,0.0,0.050748620223090936,0.0,1.0,0.0,0.0,1.0,0.0,0.0,1.0
583,0.4470972606182458,0.0,0.0,0.07831878409428937,1.0,0.0,0.0,0.0,1.0,1.0,0.0,0.0
584,0.37170143252073384,0.0,0.0,0.017005667449756914,0.0,0.0,1.0,0.0,1.0,1.0,0.0,0.0
585,0.22090977632571,0.0,0.3333333333333333,0.1554664461834305,1.0,0.0,0.0,1.0,0.0,0.0,0.0,1.0
586,0.5853229454636844,0.0,0.0,0.02927805012870631,0.0,1.0,0.0,0.0,1.0,0.0,0.0,1.0
587,0.7486805730082936,0.125,0.16666666666666666,0.15458810467956932,1.0,0.0,0.0,0.0,1.0,1.0,0.0,0.0
588,0.2711736617240512,0.0,0.0,0.015712553569072387,0.0,0.0,1.0,0.0,1.0,0.0,0.0,1.0
589,0.37170143252073384,0.0,0.0,0.015712553569072387,0.0,0.0,1.0,0.0,1.0,0.0,0.0,1.0
590,0.4345312892686604,0.0,0.0,0.013907073811135496,0.0,0.0,1.0,0.0,1.0,0.0,0.0,1.0
591,0.648152802211611,0.125,0.0,0.1527664244005612,1.0,0.0,0.0,1.0,0.0,1.0,0.0,0.0
592,0.5853229454636844,0.0,0.0,0.014151057562208049,0.0,0.0,1.0,0.0,1.0,0.0,0.0,1.0
593,0.37170143252073384,0.0,0.3333333333333333,0.015126992566498259,0.0,0.0,1.0,1.0,0.0,0.0,1.0,0.0
594,0.4596632319678311,0.125,0.0,0.050748620223090936,0.0,1.0,0.0,0.0,1.0,0.0,0.0,1.0
595,0.4470972606182458,0.125,0.16666666666666666,0.04713766070721715,0.0,0.0,1.0,0.0,1.0,0.0,0.0,1.0
596,0.37170143252073384,0.0,0.0,0.06441171028315387,0.0,1.0,0.0,1.0,0.0,0.0,0.0,1.0
597,0.610454888162855,0.0,0.0,0.0,0.0,0.0,1.0,0.0,1.0,0.0,0.0,1.0
598,0.37170143252073384,0.0,0.0,0.014102260811993537,0.0,0.0,1.0,0.0,1.0,1.0,0.0,0.0
599,0.610454888162855,0.125,0.0,0.11111839809247648,1.0,0.0,0.0,0.0,1.0,1.0,0.0,0.0
600,0.2963056044232219,0.25,0.16666666666666666,0.05270049023167135,0.0,1.0,0.0,1.0,0.0,0.0,0.0,1.0
601,0.37170143252073384,0.0,0.0,0.015411575213749286,0.0,0.0,1.0,0.0,1.0,0.0,0.0,1.0
602,0.37170143252073384,0.0,0.0,0.08275928836380983,1.0,0.0,0.0,0.0,1.0,0.0,0.0,1.0
603,0.5476250314149284,0.0,0.0,0.015712553569072387,0.0,0.0,1.0,0.0,1.0,0.0,0.0,1.0
604,0.4345312892686604,0.0,0.0,0.051822148727810165,1.0,0.0,0.0,0.0,1.0,1.0,0.0,0.0
605,0.4470972606182458,0.125,0.0,0.030351578633425542,0.0,0.0,1.0,0.0,1.0,0.0,0.0,1.0
606,0.37170143252073384,0.0,0.0,0.015411575213749286,0.0,0.0,1.0,0.0,1.0,0.0,0.0,1.0
607,0.33400351847197784,0.0,0.0,0.05953203526170282,1.0,0.0,0.0,0.0,1.0,0.0,0.0,1.0
608,0.2711736617240512,0.125,0.3333333333333333,0.08115719346076702,0.0,1.0,0.0,1.0,0.0,1.0,0.0,0.0
609,0.49736114601658704,0.0,0.0,0.2995388511917728,1.0,0.0,0.0,1.0,0.0,0.0,0.0,1.0
610,0.4847951746670017,0.125,0.8333333333333333,0.06104473451835265,0.0,0.0,1.0,1.0,0.0,0.0,0.0,1.0
611,0.37170143252073384,0.0,0.0,0.013760683560491965,0.0,0.0,1.0,0.0,1.0,0.0,0.0,1.0
612,0.37170143252073384,0.125,0.0,0.030253985132996517,0.0,0.0,1.0,1.0,0.0,0.0,1.0,0.0
613,0.37170143252073384,0.0,0.0,0.015126992566498259,0.0,0.0,1.0,0.0,1.0,0.0,1.0,0.0
614,0.4345312892686604,0.0,0.0,0.015712553569072387,0.0,0.0,1.0,0.0,1.0,0.0,0.0,1.0
615,0.2963056044232219,0.125,0.3333333333333333,0.12687155055772734,0.0,1.0,0.0,1.0,0.0,0.0,0.0,1.0
616,0.4219653179190751,0.125,0.16666666666666666,0.028106928123558056,0.0,0.0,1.0,0.0,1.0,0.0,0.0,1.0
617,0.32143754712239253,0.125,0.0,0.031425107138144774,0.0,0.0,1.0,1.0,0.0,0.0,0.0,1.0
618,0.04498617743151546,0.25,0.16666666666666666,0.07612293033463641,0.0,1.0,0.0,1.0,0.0,0.0,0.0,1.0
619,0.32143754712239253,0.0,0.0,0.020494635090094415,0.0,1.0,0.0,0.0,1.0,0.0,0.0,1.0
620,0.33400351847197784,0.125,0.0,0.028212719478023115,0.0,0.0,1.0,0.0,1.0,1.0,0.0,0.0
621,0.5224930887157577,0.125,0.0,0.10257896680493714,1.0,0.0,0.0,0.0,1.0,0.0,0.0,1.0
622,0.24604171902488062,0.125,0.16666666666666666,0.030725752114070404,0.0,0.0,1.0,0.0,1.0,1.0,0.0,0.0
623,0.2586076903744659,0.0,0.0,0.015330377421392339,0.0,0.0,1.0,0.0,1.0,0.0,0.0,1.0
624,0.2586076903744659,0.0,0.0,0.031425107138144774,0.0,0.0,1.0,0.0,1.0,0.0,0.0,1.0
625,0.7612465443578789,0.0,0.0,0.06308600017332605,1.0,0.0,0.0,0.0,1.0,0.0,0.0,1.0
626,0.7109826589595376,0.0,0.0,0.024105594605968193,0.0,1.0,0.0,0.0,1.0,0.0,1.0,0.0
627,0.2586076903744659,0.0,0.0,0.15216446768991498,1.0,0.0,0.0,1.0,0.0,0.0,0.0,1.0
628,0.32143754712239253,0.0,0.0,0.015411575213749286,0.0,0.0,1.0,0.0,1.0,0.0,0.0,1.0
629,0.37170143252073384,0.0,0.0,0.015094396337354966,0.0,0.0,1.0,0.0,1.0,0.0,1.0,0.0
630,1.0,0.0,0.0,0.05855610025741262,1.0,0.0,0.0,0.0,1.0,0.0,0.0,1.0
631,0.6355868308620256,0.0,0.0,0.013768881414528002,0.0,0.0,1.0,0.0,1.0,0.0,0.0,1.0
632,0.39683337521990447,0.0,0.0,0.05953203526170282,1.0,0.0,0.0,0.0,1.0,1.0,0.0,0.0
633,0.37170143252073384,0.0,0.0,0.0,1.0,0.0,0.0,0.0,1.0,0.0,0.0,1.0
634,0.10781603417944208,0.375,0.3333333333333333,0.05445717323939373,0.0,0.0,1.0,1.0,0.0,0.0,0.0,1.0
635,0.34656948982156316,0.0,0.0,0.025374310111545468,0.0,1.0,0.0,1.0,0.0,0.0,0.0,1.0
636,0.39683337521990447,0.0,0.0,0.015468569817999833,0.0,0.0,1.0,0.0,1.0,0.0,0.0,1.0
637,0.38426740387031916,0.125,0.16666666666666666,0.05123658772523604,0.0,1.0,0.0,0.0,1.0,0.0,0.0,1.0
638,0.5099271173661725,0.0,0.8333333333333333,0.07746484096553544,0.0,0.0,1.0,1.0,0.0,0.0,0.0,1.0
639,0.37170143252073384,0.125,0.0,0.031425107138144774,0.0,0.0,1.0,0.0,1.0,0.0,0.0,1.0
640,0.24604171902488062,0.0,0.0,0.015330377421392339,0.0,0.0,1.0,0.0,1.0,0.0,0.0,1.0
641,0.2963056044232219,0.0,0.0,0.13526459159462315,1.0,0.0,0.0,1.0,0.0,1.0,0.0,0.0
642,0.01985423473234481,0.375,0.3333333333333333,0.05445717323939373,0.0,0.0,1.0,1.0,0.0,0.0,0.0,1.0
643,0.37170143252073384,0.0,0.0,0.11027245763075773,0.0,0.0,1.0,0.0,1.0,0.0,0.0,1.0
644,0.0041467705453631576,0.25,0.16666666666666666,0.03758969818624431,0.0,0.0,1.0,1.0,0.0,1.0,0.0,0.0
645,0.5978889168132697,0.125,0.0,0.1497654242623688,1.0,0.0,0.0,0.0,1.0,1.0,0.0,0.0
646,0.2334757476752953,0.0,0.0,0.015411575213749286,0.0,0.0,1.0,0.0,1.0,0.0,0.0,1.0
647,0.6984166876099522,0.0,0.0,0.06929138530460494,1.0,0.0,0.0,0.0,1.0,1.0,0.0,0.0
648,0.37170143252073384,0.0,0.0,0.014736618564782174,0.0,0.0,1.0,0.0,1.0,0.0,0.0,1.0
649,0.2837396330736366,0.0,0.0,0.014736618564782174,0.0,0.0,1.0,1.0,0.0,0.0,0.0,1.0
650,0.37170143252073384,0.0,0.0,0.015411575213749286,0.0,0.0,1.0,0.0,1.0,0.0,0.0,1.0
651,0.22090977632571,0.0,0.16666666666666666,0.044893010197349675,0.0,1.0,0.0,1.0,0.0,0.0,0.0,1.0
652,0.2586076903744659,0.0,0.0,0.01646070534336126,0.0,0.0,1.0,0.0,1.0,0.0,0.0,1.0
653,0.37170143252073384,0.0,0.0,0.015281580671177828,0.0,0.0,1.0,1.0,0.0,0.0,1.0,0.0
654,0.22090977632571,0.0,0.0,0.013175122557917838,0.0,0.0,1.0,1.0,0.0,0.0,1.0,0.0
655,0.2963056044232219,0.25,0.0,0.1434624456306609,0.0,1.0,0.0,0.0,1.0,0.0,0.0,1.0
656,0.37170143252073384,0.0,0.0,0.015411575213749286,0.0,0.0,1.0,0.0,1.0,0.0,0.0,1.0
657,0.39683337521990447,0.125,0.16666666666666666,0.030253985132996517,0.0,0.0,1.0,1.0,0.0,0.0,1.0,0.0
658,0.2837396330736366,0.0,0.0,0.025374310111545468,0.0,1.0,0.0,0.0,1.0,0.0,0.0,1.0
659,0.723548630309123,0.0,0.3333333333333333,0.22109807522194713,1.0,0.0,0.0,0.0,1.0,1.0,0.0,0.0
660,0.6230208595124404,0.25,0.0,0.2608674266467732,1.0,0.0,0.0,0.0,1.0,0.0,0.0,1.0
661,0.49736114601658704,0.0,0.0,0.014102260811993537,0.0,0.0,1.0,0.0,1.0,1.0,0.0,0.0
662,0.5853229454636844,0.0,0.0,0.04994347384455151,1.0,0.0,0.0,0.0,1.0,0.0,0.0,1.0
663,0.4470972606182458,0.0,0.0,0.014630827210317117,0.0,0.0,1.0,0.0,1.0,0.0,0.0,1.0
664,0.24604171902488062,0.125,0.0,0.015468569817999833,0.0,0.0,1.0,0.0,1.0,0.0,0.0,1.0
665,0.39683337521990447,0.25,0.0,0.1434624456306609,0.0,1.0,0.0,0.0,1.0,0.0,0.0,1.0
666,0.3088715757728072,0.0,0.0,0.025374310111545468,0.0,1.0,0.0,0.0,1.0,0.0,0.0,1.0
667,0.37170143252073384,0.0,0.0,0.015175789316712771,0.0,0.0,1.0,0.0,1.0,0.0,0.0,1.0
668,0.5350590600653431,0.0,0.0,0.015712553569072387,0.0,0.0,1.0,0.0,1.0,0.0,0.0,1.0
669,0.37170143252073384,0.125,0.0,0.10149724044618187,1.0,0.0,0.0,1.0,0.0,0.0,0.0,1.0
670,0.49736114601658704,0.125,0.16666666666666666,0.07612293033463641,0.0,1.0,0.0,1.0,0.0,0.0,0.0,1.0
671,0.38426740387031916,0.125,0.0,0.10149724044618187,1.0,0.0,0.0,0.0,1.0,0.0,0.0,1.0
672,0.8743402865041467,0.0,0.0,0.020494635090094415,0.0,1.0,0.0,0.0,1.0,0.0,0.0,1.0
673,0.38426740387031916,0.0,0.0,0.025374310111545468,0.0,1.0,0.0,0.0,1.0,0.0,0.0,1.0
674,0.37170143252073384,0.0,0.0,0.0,0.0,1.0,0.0,0.0,1.0,0.0,0.0,1.0
675,0.22090977632571,0.0,0.0,0.015175789316712771,0.0,0.0,1.0,0.0,1.0,0.0,0.0,1.0
676,0.30258859009801453,0.0,0.0,0.015712553569072387,0.0,0.0,1.0,0.0,1.0,0.0,0.0,1.0
677,0.22090977632571,0.0,0.0,0.019209719063445922,0.0,0.0,1.0,1.0,0.0,0.0,0.0,1.0
678,0.5350590600653431,0.125,1.0,0.09154270340242172,0.0,0.0,1.0,1.0,0.0,0.0,0.0,1.0
679,0.4470972606182458,0.0,0.16666666666666666,1.0,1.0,0.0,0.0,0.0,1.0,1.0,0.0,0.0
680,0.37170143252073384,0.0,0.0,0.01588334219482317,0.0,0.0,1.0,1.0,0.0,0.0,1.0,0.0
681,0.33400351847197784,0.0,0.0,0.1497654242623688,1.0,0.0,0.0,0.0,1.0,1.0,0.0,0.0
682,0.24604171902488062,0.0,0.0,0.01800600082915438,0.0,0.0,1.0,0.0,1.0,0.0,0.0,1.0
683,0.17064589092736868,0.625,0.3333333333333333,0.09154270340242172,0.0,0.0,1.0,0.0,1.0,0.0,0.0,1.0
684,0.7486805730082936,0.125,0.16666666666666666,0.07612293033463641,0.0,1.0,0.0,0.0,1.0,0.0,0.0,1.0
685,0.3088715757728072,0.125,0.3333333333333333,0.08115719346076702,0.0,1.0,0.0,0.0,1.0,1.0,0.0,0.0
686,0.17064589092736868,0.5,0.16666666666666666,0.07746484096553544,0.0,0.0,1.0,0.0,1.0,0.0,0.0,1.0
687,0.2334757476752953,0.0,0.0,0.019852079483269742,0.0,0.0,1.0,0.0,1.0,0.0,0.0,1.0
688,0.22090977632571,0.0,0.0,0.015216388212891242,0.0,0.0,1.0,0.0,1.0,0.0,0.0,1.0
689,0.18321186227695402,0.0,0.16666666666666666,0.41250332793836464,1.0,0.0,0.0,1.0,0.0,0.0,0.0,1.0
690,0.38426740387031916,0.125,0.0,0.11125659048908397,1.0,0.0,0.0,0.0,1.0,0.0,0.0,1.0
691,0.04498617743151546,0.0,0.16666666666666666,0.026187654344120927,0.0,0.0,1.0,1.0,0.0,1.0,0.0,0.0
692,0.37170143252073384,0.0,0.0,0.11027245763075773,0.0,0.0,1.0,0.0,1.0,0.0,0.0,1.0
693,0.3088715757728072,0.0,0.0,0.014102260811993537,0.0,0.0,1.0,0.0,1.0,1.0,0.0,0.0
694,0.7486805730082936,0.0,0.0,0.051822148727810165,1.0,0.0,0.0,0.0,1.0,0.0,0.0,1.0
695,0.648152802211611,0.0,0.0,0.026350245115835676,0.0,1.0,0.0,0.0,1.0,0.0,0.0,1.0
696,0.5476250314149284,0.0,0.0,0.015712553569072387,0.0,0.0,1.0,0.0,1.0,0.0,0.0,1.0
697,0.37170143252073384,0.0,0.0,0.015094396337354966,0.0,0.0,1.0,1.0,0.0,0.0,1.0,0.0
698,0.610454888162855,0.125,0.16666666666666666,0.21642978772242535,1.0,0.0,0.0,0.0,1.0,1.0,0.0,0.0
699,0.5224930887157577,0.0,0.0,0.014931805565640218,0.0,0.0,1.0,0.0,1.0,0.0,0.0,1.0
700,0.22090977632571,0.125,0.0,0.4440992237022602,1.0,0.0,0.0,1.0,0.0,1.0,0.0,0.0
701,0.4345312892686604,0.0,0.0,0.05130978285055781,1.0,0.0,0.0,0.0,1.0,0.0,0.0,1.0
702,0.22090977632571,0.0,0.16666666666666666,0.028212719478023115,0.0,0.0,1.0,1.0,0.0,1.0,0.0,0.0
703,0.3088715757728072,0.0,0.0,0.015110792045427042,0.0,0.0,1.0,0.0,1.0,0.0,1.0,0.0
704,0.32143754712239253,0.125,0.0,0.015330377421392339,0.0,0.0,1.0,0.0,1.0,0.0,0.0,1.0
705,0.4847951746670017,0.0,0.0,0.050748620223090936,0.0,1.0,0.0,0.0,1.0,0.0,0.0,1.0
706,0.5601910027645137,0.0,0.0,0.026350245115835676,0.0,1.0,0.0,1.0,0.0,0.0,0.0,1.0
707,0.5224930887157577,0.0,0.0,0.05130978285055781,1.0,0.0,0.0,0.0,1.0,0.0,0.0,1.0
708,0.2711736617240512,0.0,0.0,0.29580589980036276,1.0,0.0,0.0,1.0,0.0,0.0,0.0,1.0
709,0.37170143252073384,0.125,0.16666666666666666,0.029757819776815374,0.0,0.0,1.0,0.0,1.0,1.0,0.0,0.0
710,0.2963056044232219,0.0,0.0,0.09662576327876685,1.0,0.0,0.0,1.0,0.0,1.0,0.0,0.0
711,0.37170143252073384,0.0,0.0,0.051822148727810165,1.0,0.0,0.0,0.0,1.0,0.0,0.0,1.0
712,0.5978889168132697,0.125,0.0,0.10149724044618187,1.0,0.0,0.0,0.0,1.0,0.0,0.0,1.0
713,0.35913546117114853,0.0,0.0,0.018510168852370702,0.0,0.0,1.0,0.0,1.0,0.0,0.0,1.0
714,0.648152802211611,0.0,0.0,0.025374310111545468,0.0,1.0,0.0,0.0,1.0,0.0,0.0,1.0
715,0.2334757476752953,0.0,0.0,0.014931805565640218,0.0,0.0,1.0,0.0,1.0,0.0,0.0,1.0
716,0.4722292033174164,0.0,0.0,0.4440992237022602,1.0,0.0,0.0,1.0,0.0,1.0,0.0,0.0
717,0.33400351847197784,0.0,0.0,0.020494635090094415,0.0,1.0,0.0,1.0,0.0,0.0,0.0,1.0
718,0.37170143252073384,0.0,0.0,0.030253985132996517,0.0,0.0,1.0,0.0,1.0,0.0,1.0,0.0
719,0.4093993465694898,0.0,0.0,0.015175789316712771,0.0,0.0,1.0,0.0,1.0,0.0,0.0,1.0
720,0.0701181201306861,0.0,0.16666666666666666,0.06441171028315387,0.0,1.0,0.0,1.0,0.0,0.0,0.0,1.0
721,0.20834380497612465,0.125,0.0,0.013768881414528002,0.0,0.0,1.0,0.0,1.0,0.0,0.0,1.0
722,0.4219653179190751,0.0,0.0,0.025374310111545468,0.0,1.0,0.0,0.0,1.0,0.0,0.0,1.0
723,0.6230208595124404,0.0,0.0,0.025374310111545468,0.0,1.0,0.0,0.0,1.0,0.0,0.0,1.0
724,0.33400351847197784,0.125,0.0,0.10364429745562033,1.0,0.0,0.0,0.0,1.0,0.0,0.0,1.0
725,0.24604171902488062,0.0,0.0,0.016908073949327893,0.0,0.0,1.0,0.0,1.0,0.0,0.0,1.0
726,0.37170143252073384,0.375,0.0,0.04098927018018883,0.0,1.0,0.0,1.0,0.0,0.0,0.0,1.0
727,0.37170143252073384,0.0,0.0,0.015102594191391004,0.0,0.0,1.0,1.0,0.0,0.0,1.0,0.0
728,0.3088715757728072,0.125,0.0,0.050748620223090936,0.0,1.0,0.0,0.0,1.0,0.0,0.0,1.0
729,0.3088715757728072,0.125,0.0,0.015468569817999833,0.0,0.0,1.0,1.0,0.0,0.0,0.0,1.0
730,0.35913546117114853,0.0,0.0,0.41250332793836464,1.0,0.0,0.0,1.0,0.0,0.0,0.0,1.0
731,0.1329479768786127,0.0,0.0,0.036670757786204655,0.0,0.0,1.0,0.0,1.0,1.0,0.0,0.0
732,0.37170143252073384,0.0,0.0,0.0,0.0,1.0,0.0,0.0,1.0,0.0,0.0,1.0
733,0.2837396330736366,0.0,0.0,0.025374310111545468,0.0,1.0,0.0,0.0,1.0,0.0,0.0,1.0
734,0.2837396330736366,0.0,0.0,0.025374310111545468,0.0,1.0,0.0,0.0,1.0,0.0,0.0,1.0
735,0.35285247549635584,0.0,0.0,0.031425107138144774,0.0,0.0,1.0,0.0,1.0,0.0,0.0,1.0
736,0.5978889168132697,0.125,0.5,0.06709553154495196,0.0,0.0,1.0,1.0,0.0,0.0,0.0,1.0
737,0.4345312892686604,0.0,0.0,1.0,1.0,0.0,0.0,0.0,1.0,1.0,0.0,0.0
738,0.37170143252073384,0.0,0.0,0.015411575213749286,0.0,0.0,1.0,0.0,1.0,0.0,0.0,1.0
739,0.37170143252073384,0.0,0.0,0.015411575213749286,0.0,0.0,1.0,0.0,1.0,0.0,0.0,1.0
740,0.37170143252073384,0.0,0.0,0.05855610025741262,1.0,0.0,0.0,0.0,1.0,0.0,0.0,1.0
741,0.4470972606182458,0.125,0.0,0.15390495017656614,1.0,0.0,0.0,0.0,1.0,0.0,0.0,1.0
742,0.2586076903744659,0.25,0.3333333333333333,0.5121218935012878,1.0,0.0,0.0,1.0,0.0,1.0,0.0,0.0
743,0.2963056044232219,0.125,0.0,0.031425107138144774,0.0,0.0,1.0,0.0,1.0,0.0,0.0,1.0
744,0.38426740387031916,0.0,0.0,0.015468569817999833,0.0,0.0,1.0,0.0,1.0,0.0,0.0,1.0
745,0.8743402865041467,0.125,0.16666666666666666,0.13858277060920987,1.0,0.0,0.0,0.0,1.0,0.0,0.0,1.0
746,0.19577783362653933,0.125,0.16666666666666666,0.03952536767375352,0.0,0.0,1.0,0.0,1.0,0.0,0.0,1.0
747,0.37170143252073384,0.0,0.0,0.025374310111545468,0.0,1.0,0.0,1.0,0.0,0.0,0.0,1.0
748,0.2334757476752953,0.125,0.0,0.10364429745562033,1.0,0.0,0.0,0.0,1.0,0.0,0.0,1.0
749,0.38426740387031916,0.0,0.0,0.015126992566498259,0.0,0.0,1.0,0.0,1.0,0.0,1.0,0.0
750,0.04498617743151546,0.125,0.16666666666666666,0.044893010197349675,0.0,1.0,0.0,1.0,0.0,0.0,0.0,1.0
751,0.0701181201306861,0.0,0.16666666666666666,0.024349578357040744,0.0,0.0,1.0,0.0,1.0,0.0,0.0,1.0
752,0.4093993465694898,0.0,0.0,0.018542765081513996,0.0,0.0,1.0,0.0,1.0,0.0,0.0,1.0
753,0.2837396330736366,0.0,0.0,0.015411575213749286,0.0,0.0,1.0,0.0,1.0,0.0,0.0,1.0
754,0.5978889168132697,0.125,0.3333333333333333,0.12687155055772734,0.0,1.0,0.0,1.0,0.0,0.0,0.0,1.0
755,0.003141492837396331,0.125,0.16666666666666666,0.028302115124416098,0.0,1.0,0.0,0.0,1.0,0.0,0.0,1.0
756,0.34656948982156316,0.0,0.0,0.015216388212891242,0.0,0.0,1.0,0.0,1.0,0.0,0.0,1.0
757,0.22090977632571,0.0,0.0,0.022446505098674838,0.0,1.0,0.0,0.0,1.0,0.0,0.0,1.0
758,0.4219653179190751,0.0,0.0,0.015712553569072387,0.0,0.0,1.0,0.0,1.0,0.0,0.0,1.0
759,0.4093993465694898,0.0,0.0,0.16883675574220638,1.0,0.0,0.0,1.0,0.0,0.0,0.0,1.0
760,0.37170143252073384,0.0,0.0,0.028302115124416098,0.0,0.0,1.0,0.0,1.0,0.0,0.0,1.0
761,0.5099271173661725,0.0,0.0,0.013907073811135496,0.0,0.0,1.0,0.0,1.0,0.0,0.0,1.0
762,0.24604171902488062,0.0,0.0,0.014110458666029575,0.0,0.0,1.0,0.0,1.0,1.0,0.0,0.0
763,0.4470972606182458,0.125,0.3333333333333333,0.23422440102965048,1.0,0.0,0.0,1.0,0.0,0.0,0.0,1.0
764,0.19577783362653933,0.0,0.0,0.015175789316712771,0.0,0.0,1.0,0.0,1.0,0.0,0.0,1.0
765,0.6355868308620256,0.125,0.0,0.15216446768991498,1.0,0.0,0.0,1.0,0.0,0.0,0.0,1.0
766,0.37170143252073384,0.0,0.0,0.07729405233978466,1.0,0.0,0.0,0.0,1.0,1.0,0.0,0.0
767,0.3779844181955265,0.0,0.0,0.015126992566498259,0.0,0.0,1.0,1.0,0.0,0.0,1.0,0.0
768,0.37170143252073384,0.125,0.0,0.04713766070721715,0.0,0.0,1.0,0.0,1.0,0.0,1.0,0.0
769,0.39683337521990447,0.0,0.0,0.016322512946753766,0.0,0.0,1.0,0.0,1.0,0.0,0.0,1.0
770,0.2963056044232219,0.0,0.0,0.018542765081513996,0.0,0.0,1.0,0.0,1.0,0.0,0.0,1.0
771,0.5978889168132697,0.0,0.0,0.015330377421392339,0.0,0.0,1.0,0.0,1.0,0.0,0.0,1.0
772,0.7109826589595376,0.0,0.0,0.020494635090094415,0.0,1.0,0.0,1.0,0.0,0.0,0.0,1.0
773,0.37170143252073384,0.0,0.0,0.014102260811993537,0.0,0.0,1.0,0.0,1.0,1.0,0.0,0.0
774,0.6732847449107816,0.125,0.5,0.044893010197349675,0.0,1.0,0.0,1.0,0.0,0.0,0.0,1.0
775,0.22090977632571,0.0,0.0,0.015126992566498259,0.0,0.0,1.0,0.0,1.0,0.0,0.0,1.0
776,0.37170143252073384,0.0,0.0,0.015126992566498259,0.0,0.0,1.0,0.0,1.0,0.0,1.0,0.0
777,0.05755214878110078,0.0,0.0,0.024349578357040744,0.0,0.0,1.0,1.0,0.0,0.0,0.0,1.0
778,0.37170143252073384,0.0,0.0,0.015102594191391004,0.0,0.0,1.0,0.0,1.0,0.0,1.0,0.0
779,0.5350590600653431,0.0,0.16666666666666666,0.41250332793836464,1.0,0.0,0.0,1.0,0.0,0.0,0.0,1.0
780,0.15807991957778336,0.0,0.0,0.014110458666029575,0.0,0.0,1.0,1.0,0.0,1.0,0.0,0.0
781,0.20834380497612465,0.125,0.0,0.11125659048908397,1.0,0.0,0.0,1.0,0.0,0.0,0.0,1.0
782,0.35913546117114853,0.0,0.0,0.05855610025741262,1.0,0.0,0.0,0.0,1.0,0.0,0.0,1.0
783,0.37170143252073384,0.125,0.3333333333333333,0.04577135170121086,0.0,0.0,1.0,0.0,1.0,0.0,0.0,1.0
784,0.3088715757728072,0.0,0.0,0.013760683560491965,0.0,0.0,1.0,0.0,1.0,0.0,0.0,1.0
785,0.3088715757728072,0.0,0.0,0.014151057562208049,0.0,0.0,1.0,0.0,1.0,0.0,0.0,1.0
786,0.22090977632571,0.0,0.0,0.014630827210317117,0.0,0.0,1.0,1.0,0.0,0.0,0.0,1.0
787,0.09525006282985675,0.5,0.16666666666666666,0.05684821399990475,0.0,0.0,1.0,0.0,1.0,0.0,1.0,0.0
788,0.007288263382759488,0.125,0.3333333333333333,0.04015972542654215,0.0,0.0,1.0,0.0,1.0,0.0,0.0,1.0
789,0.5727569741140991,0.0,0.0,0.15458810467956932,1.0,0.0,0.0,0.0,1.0,1.0,0.0,0.0
790,0.37170143252073384,0.0,0.0,0.015126992566498259,0.0,0.0,1.0,0.0,1.0,0.0,1.0,0.0
791,0.19577783362653933,0.0,0.0,0.050748620223090936,0.0,1.0,0.0,0.0,1.0,0.0,0.0,1.0
792,0.37170143252073384,1.0,0.3333333333333333,0.13575255909676825,0.0,0.0,1.0,1.0,0.0,0.0,0.0,1.0
793,0.37170143252073384,0.0,0.0,0.05991421140938287,1.0,0.0,0.0,0.0,1.0,1.0,0.0,0.0
794,0.3088715757728072,0.0,0.0,0.015411575213749286,0.0,0.0,1.0,0.0,1.0,0.0,0.0,1.0
795,0.4847951746670017,0.0,0.0,0.025374310111545468,0.0,1.0,0.0,0.0,1.0,0.0,0.0,1.0
796,0.610454888162855,0.0,0.0,0.050610427826483444,1.0,0.0,0.0,1.0,0.0,0.0,0.0,1.0
797,0.38426740387031916,0.0,0.0,0.016948672845506364,0.0,0.0,1.0,1.0,0.0,0.0,0.0,1.0
798,0.37170143252073384,0.0,0.0,0.014110458666029575,0.0,0.0,1.0,0.0,1.0,1.0,0.0,0.0
799,0.37170143252073384,0.125,0.16666666666666666,0.04713766070721715,0.0,0.0,1.0,1.0,0.0,0.0,0.0,1.0
800,0.4219653179190751,0.0,0.0,0.025374310111545468,0.0,1.0,0.0,0.0,1.0,0.0,0.0,1.0
801,0.38426740387031916,0.125,0.16666666666666666,0.05123658772523604,0.0,1.0,0.0,1.0,0.0,0.0,0.0,1.0
802,0.1329479768786127,0.125,0.3333333333333333,0.23422440102965048,1.0,0.0,0.0,0.0,1.0,0.0,0.0,1.0
803,0.0,0.0,0.16666666666666666,0.016623491302076868,0.0,0.0,1.0,0.0,1.0,1.0,0.0,0.0
804,0.33400351847197784,0.0,0.0,0.013614293309848433,0.0,0.0,1.0,0.0,1.0,0.0,0.0,1.0
805,0.38426740387031916,0.0,0.0,0.015175789316712771,0.0,0.0,1.0,0.0,1.0,0.0,0.0,1.0
806,0.4847951746670017,0.0,0.0,0.0,1.0,0.0,0.0,0.0,1.0,0.0,0.0,1.0
807,0.22090977632571,0.0,0.0,0.015175789316712771,0.0,0.0,1.0,1.0,0.0,0.0,0.0,1.0
808,0.4847951746670017,0.0,0.0,0.025374310111545468,0.0,1.0,0.0,0.0,1.0,0.0,0.0,1.0
809,0.4093993465694898,0.125,0.0,0.10364429745562033,1.0,0.0,0.0,1.0,0.0,0.0,0.0,1.0
810,0.32143754712239253,0.0,0.0,0.015395374692678068,0.0,0.0,1.0,0.0,1.0,0.0,0.0,1.0
811,0.4847951746670017,0.0,0.0,0.04713766070721715,0.0,0.0,1.0,0.0,1.0,0.0,0.0,1.0
812,0.4345312892686604,0.0,0.0,0.020494635090094415,0.0,1.0,0.0,0.0,1.0,0.0,0.0,1.0
813,0.0701181201306861,0.5,0.3333333333333333,0.06104473451835265,0.0,0.0,1.0,1.0,0.0,0.0,0.0,1.0
814,0.3779844181955265,0.0,0.0,0.015712553569072387,0.0,0.0,1.0,0.0,1.0,0.0,0.0,1.0
815,0.37170143252073384,0.0,0.0,0.0,1.0,0.0,0.0,0.0,1.0,0.0,0.0,1.0
816,0.2837396330736366,0.0,0.0,0.015468569817999833,0.0,0.0,1.0,1.0,0.0,0.0,0.0,1.0
817,0.38426740387031916,0.125,0.16666666666666666,0.07222738817151159,0.0,1.0,0.0,0.0,1.0,1.0,0.0,0.0
818,0.5350590600653431,0.0,0.0,0.012589561555343713,0.0,0.0,1.0,0.0,1.0,0.0,0.0,1.0
819,0.12038200552902739,0.375,0.3333333333333333,0.05445717323939373,0.0,0.0,1.0,0.0,1.0,0.0,0.0,1.0
820,0.648152802211611,0.125,0.16666666666666666,0.18249984580226933,1.0,0.0,0.0,1.0,0.0,0.0,0.0,1.0
821,0.33400351847197784,0.0,0.0,0.016908073949327893,0.0,0.0,1.0,0.0,1.0,0.0,0.0,1.0
822,0.4722292033174164,0.0,0.0,0.0,1.0,0.0,0.0,0.0,1.0,0.0,0.0,1.0
823,0.33400351847197784,0.0,0.16666666666666666,0.024349578357040744,0.0,0.0,1.0,1.0,0.0,0.0,0.0,1.0
824,0.01985423473234481,0.5,0.16666666666666666,0.07746484096553544,0.0,0.0,1.0,0.0,1.0,0.0,0.0,1.0
825,0.37170143252073384,0.0,0.0,0.013565496559633922,0.0,0.0,1.0,0.0,1.0,0.0,1.0,0.0
826,0.37170143252073384,0.0,0.0,0.11027245763075773,0.0,0.0,1.0,0.0,1.0,0.0,0.0,1.0
827,0.007288263382759488,0.0,0.3333333333333333,0.07222738817151159,0.0,1.0,0.0,0.0,1.0,1.0,0.0,0.0
828,0.37170143252073384,0.0,0.0,0.015126992566498259,0.0,0.0,1.0,0.0,1.0,0.0,1.0,0.0
830,0.18321186227695402,0.125,0.0,0.028212719478023115,0.0,0.0,1.0,1.0,0.0,1.0,0.0,0.0
831,0.005152048253329982,0.125,0.16666666666666666,0.03659756266088288,0.0,1.0,0.0,0.0,1.0,0.0,0.0,1.0
832,0.37170143252073384,0.0,0.0,0.014110458666029575,0.0,0.0,1.0,0.0,1.0,1.0,0.0,0.0
833,0.2837396330736366,0.0,0.0,0.015330377421392339,0.0,0.0,1.0,0.0,1.0,0.0,0.0,1.0
834,0.22090977632571,0.0,0.0,0.016200521071217493,0.0,0.0,1.0,0.0,1.0,0.0,0.0,1.0
835,0.4847951746670017,0.125,0.16666666666666666,0.16231419173453318,1.0,0.0,0.0,1.0,0.0,1.0,0.0,0.0
836,0.2586076903744659,0.0,0.0,0.016908073949327893,0.0,0.0,1.0,0.0,1.0,0.0,0.0,1.0
837,0.37170143252073384,0.0,0.0,0.015712553569072387,0.0,0.0,1.0,0.0,1.0,0.0,0.0,1.0
838,0.39683337521990447,0.0,0.0,0.11027245763075773,0.0,0.0,1.0,0.0,1.0,0.0,0.0,1.0
839,0.37170143252073384,0.0,0.0,0.057970539254838485,1.0,0.0,0.0,0.0,1.0,1.0,0.0,0.0
840,0.24604171902488062,0.0,0.0,0.015468569817999833,0.0,0.0,1.0,0.0,1.0,0.0,0.0,1.0
841,0.19577783362653933,0.0,0.0,0.020494635090094415,0.0,1.0,0.0,0.0,1.0,0.0,0.0,1.0
842,0.37170143252073384,0.0,0.0,0.060507970265993034,1.0,0.0,0.0,1.0,0.0,1.0,0.0,0.0
843,0.4282483035938678,0.0,0.0,0.012565163180236457,0.0,0.0,1.0,0.0,1.0,1.0,0.0,0.0
844,0.20834380497612465,0.0,0.0,0.016908073949327893,0.0,0.0,1.0,0.0,1.0,0.0,0.0,1.0
845,0.5224930887157577,0.0,0.0,0.014736618564782174,0.0,0.0,1.0,0.0,1.0,0.0,0.0,1.0
846,0.37170143252073384,1.0,0.3333333333333333,0.13575255909676825,0.0,0.0,1.0,0.0,1.0,0.0,0.0,1.0
847,0.4345312892686604,0.0,0.0,0.015411575213749286,0.0,0.0,1.0,0.0,1.0,1.0,0.0,0.0
848,0.34656948982156316,0.0,0.16666666666666666,0.06441171028315387,0.0,1.0,0.0,0.0,1.0,0.0,0.0,1.0
849,0.37170143252073384,0.125,0.0,0.17391981561855152,1.0,0.0,0.0,1.0,0.0,1.0,0.0,0.0
850,0.04498617743151546,0.5,0.3333333333333333,0.06104473451835265,0.0,0.0,1.0,0.0,1.0,0.0,0.0,1.0
851,0.9246041719024881,0.0,0.0,0.015175789316712771,0.0,0.0,1.0,0.0,1.0,0.0,0.0,1.0
852,0.10781603417944208,0.125,0.16666666666666666,0.029757819776815374,0.0,0.0,1.0,1.0,0.0,1.0,0.0,0.0
853,0.19577783362653933,0.0,0.16666666666666666,0.07690367833806856,1.0,0.0,0.0,1.0,0.0,0.0,0.0,1.0
854,0.5476250314149284,0.125,0.0,0.050748620223090936,0.0,1.0,0.0,1.0,0.0,0.0,0.0,1.0
855,0.22090977632571,0.0,0.16666666666666666,0.018249984580226933,0.0,0.0,1.0,1.0,0.0,0.0,0.0,1.0
856,0.5601910027645137,0.125,0.16666666666666666,0.32179836714362564,1.0,0.0,0.0,1.0,0.0,0.0,0.0,1.0
857,0.6355868308620256,0.0,0.0,0.051822148727810165,1.0,0.0,0.0,0.0,1.0,0.0,0.0,1.0
858,0.2963056044232219,0.0,0.5,0.03758969818624431,0.0,0.0,1.0,1.0,0.0,1.0,0.0,0.0
859,0.37170143252073384,0.0,0.0,0.014110458666029575,0.0,0.0,1.0,0.0,1.0,1.0,0.0,0.0
860,0.5099271173661725,0.25,0.0,0.027537567642055148,0.0,0.0,1.0,0.0,1.0,0.0,0.0,1.0
861,0.2586076903744659,0.125,0.0,0.022446505098674838,0.0,1.0,0.0,0.0,1.0,0.0,0.0,1.0
862,0.5978889168132697,0.0,0.0,0.050610427826483444,1.0,0.0,0.0,1.0,0.0,0.0,0.0,1.0
863,0.37170143252073384,1.0,0.3333333333333333,0.13575255909676825,0.0,0.0,1.0,1.0,0.0,0.0,0.0,1.0
864,0.2963056044232219,0.0,0.0,0.025374310111545468,0.0,1.0,0.0,0.0,1.0,0.0,0.0,1.0
865,0.5224930887157577,0.0,0.0,0.025374310111545468,0.0,1.0,0.0,1.0,0.0,0.0,0.0,1.0
866,0.33400351847197784,0.125,0.0,0.027049600139910042,0.0,1.0,0.0,1.0,0.0,1.0,0.0,0.0
867,0.38426740387031916,0.0,0.0,0.09856123757927521,1.0,0.0,0.0,0.0,1.0,0.0,0.0,1.0
868,0.37170143252073384,0.0,0.0,0.018542765081513996,0.0,0.0,1.0,0.0,1.0,0.0,0.0,1.0
869,0.04498617743151546,0.125,0.16666666666666666,0.021730754366528396,0.0,0.0,1.0,0.0,1.0,0.0,0.0,1.0
870,0.32143754712239253,0.0,0.0,0.015411575213749286,0.0,0.0,1.0,0.0,1.0,0.0,0.0,1.0
871,0.5853229454636844,0.125,0.16666666666666666,0.10257896680493714,1.0,0.0,0.0,1.0,0.0,0.0,0.0,1.0
872,0.4093993465694898,0.0,0.0,0.009759350042902102,1.0,0.0,0.0,0.0,1.0,0.0,0.0,1.0
873,0.5853229454636844,0.0,0.0,0.017566830077223785,0.0,0.0,1.0,0.0,1.0,0.0,0.0,1.0
874,0.34656948982156316,0.125,0.0,0.04684488020593009,0.0,1.0,0.0,1.0,0.0,1.0,0.0,0.0
875,0.18321186227695402,0.0,0.0,0.014102260811993537,0.0,0.0,1.0,1.0,0.0,1.0,0.0,0.0
876,0.24604171902488062,0.0,0.0,0.019217721730481106,0.0,0.0,1.0,0.0,1.0,0.0,0.0,1.0
877,0.2334757476752953,0.0,0.0,0.015411575213749286,0.0,0.0,1.0,0.0,1.0,0.0,0.0,1.0
878,0.37170143252073384,0.0,0.0,0.015411575213749286,0.0,0.0,1.0,0.0,1.0,0.0,0.0,1.0
879,0.6984166876099522,0.0,0.16666666666666666,0.16231419173453318,1.0,0.0,0.0,1.0,0.0,1.0,0.0,0.0
880,0.3088715757728072,0.0,0.16666666666666666,0.050748620223090936,0.0,1.0,0.0,1.0,0.0,0.0,0.0,1.0
881,0.4093993465694898,0.0,0.0,0.015411575213749286,0.0,0.0,1.0,0.0,1.0,0.0,0.0,1.0
882,0.2711736617240512,0.0,0.0,0.02052723131923771,0.0,0.0,1.0,1.0,0.0,0.0,0.0,1.0
883,0.34656948982156316,0.0,0.0,0.020494635090094415,0.0,1.0,0.0,0.0,1.0,0.0,0.0,1.0
884,0.3088715757728072,0.0,0.0,0.013760683560491965,0.0,0.0,1.0,0.0,1.0,0.0,0.0,1.0
885,0.4847951746670017,0.0,0.8333333333333333,0.05684821399990475,0.0,0.0,1.0,1.0,0.0,0.0,1.0,0.0
886,0.33400351847197784,0.0,0.0,0.025374310111545468,0.0,1.0,0.0,0.0,1.0,0.0,0.0,1.0
887,0.2334757476752953,0.0,0.0,0.05855610025741262,1.0,0.0,0.0,1.0,0.0,0.0,0.0,1.0
888,0.37170143252073384,0.125,0.3333333333333333,0.04577135170121086,0.0,0.0,1.0,1.0,0.0,0.0,0.0,1.0
889,0.32143754712239253,0.0,0.0,0.05855610025741262,1.0,0.0,0.0,0.0,1.0,1.0,0.0,0.0
890,0.39683337521990447,0.0,0.0,0.015126992566498259,0.0,0.0,1.0,0.0,1.0,0.0,1.0,0.0
